state,constituency,serial_no,candidate,party,evm_votes,postal_votes
Jharkhand,RAJMAHAL,1,ANANT KUMAR OJHA,Bharatiya Janata Party,95663,0
Jharkhand,RAJMAHAL,2,MD. TAJUDDIN,Jharkhand Mukti Morcha,138044,0
Jharkhand,RAJMAHAL,3,NANDLAL SAH,Lokhit Adhikar Party,1086,0
Jharkhand,RAJMAHAL,4,MOTILAL SARKAR,Jharkhand Loktantrik Krantikari Morcha,1876,0
Jharkhand,RAJMAHAL,5,RAMESHWAR MANDAL,Peoples Party of India (Democratic),342,0
Jharkhand,RAJMAHAL,6,MD SAHADAT HUSSAIN,Samajwadi Party,306,0
Jharkhand,RAJMAHAL,7,ADHIR KUMAR MANDAL,Independent,697,0
Jharkhand,RAJMAHAL,8,MD ASLAM,Independent,172,0
Jharkhand,RAJMAHAL,9,GOPAL CHANDRA MANDAL,Independent,219,0
Jharkhand,RAJMAHAL,10,NAIM SEKH,Independent,338,0
Jharkhand,RAJMAHAL,11,MURLI DHAR TIWARI,Independent,553,0
Jharkhand,RAJMAHAL,12,RANDHIR PRASAD,Independent,591,0
Jharkhand,RAJMAHAL,13,SADDAM HUSSAIN,Independent,906,0
Jharkhand,RAJMAHAL,14,SUNIL YADAV,Independent,13802,0
Jharkhand,RAJMAHAL,15,NOTA,None of the Above,3039,0
Jharkhand,BORIO,1,DHANANJAY SOREN,Jharkhand Mukti Morcha,96121,1196
Jharkhand,BORIO,2,LOBIN HEMBRAM,Bharatiya Janata Party,77048,996
Jharkhand,BORIO,3,AMIT KUMAR MALTO,Lokhit Adhikar Party,1599,13
Jharkhand,BORIO,4,ARUN KUMAR BESRA,Rashtriya Deshaj Party,500,5
Jharkhand,BORIO,5,MAHESH KUMAR MALTO,Samajwadi Party,285,6
Jharkhand,BORIO,6,MUKESH SOREN,Nationalist Congress Party,216,3
Jharkhand,BORIO,7,SURYANARAYAN HANSDA,Jharkhand Loktantrik Krantikari Morcha,2874,63
Jharkhand,BORIO,8,INNOCENT SOREN,Independent,435,5
Jharkhand,BORIO,9,CHANDAR MURMU,Independent,378,4
Jharkhand,BORIO,10,PAULUS MURMU,Independent,549,9
Jharkhand,BORIO,11,MANDAL HANSDA,Independent,498,1
Jharkhand,BORIO,12,MANOJ SOREN,Independent,842,8
Jharkhand,BORIO,13,MARANG MARANDI,Independent,1033,0
Jharkhand,BORIO,14,RANJO KUMARI,Independent,1084,2
Jharkhand,BORIO,15,RAMA PAHARIA,Independent,2248,3
Jharkhand,BORIO,16,NOTA,None of the Above,3545,21
Jharkhand,BARHAIT,1,GAMLIYEL HEMBROM,Bharatiya Janata Party,55424,397
Jharkhand,BARHAIT,2,HEMANT SOREN,Jharkhand Mukti Morcha,94840,772
Jharkhand,BARHAIT,3,THOMAS SOREN,Jharkhand Loktantrik Krantikari Morcha,2170,11
Jharkhand,BARHAIT,4,DINESH SOREN,Nationalist Congress Party,485,1
Jharkhand,BARHAIT,5,JOSEPH SOREN,Independent,486,1
Jharkhand,BARHAIT,6,NATHANIEL MALTO,Independent,641,13
Jharkhand,BARHAIT,7,RANI HANSDA,Independent,750,1
Jharkhand,BARHAIT,8,ROSHANI MURMU,Independent,955,0
Jharkhand,BARHAIT,9,SEBASTION HEMBROM,Independent,1781,0
Jharkhand,BARHAIT,10,NOTA,None of the Above,3465,4
Jharkhand,LITIPARA,1,BABUDHAN MURMU,Bharatiya Janata Party,61146,574
Jharkhand,LITIPARA,2,HEMLAL MURMU,Jharkhand Mukti Morcha,87627,842
Jharkhand,LITIPARA,3,JOHAN KISKU,Navyug Pragatisheel Morcha,1397,0
Jharkhand,LITIPARA,4,MARK BASKEY,Jharkhand Loktantrik Krantikari Morcha,1557,32
Jharkhand,LITIPARA,5,SHIVCHARAN MALTO,Nationalist Congress Party,1541,44
Jharkhand,LITIPARA,6,NIRMAL MURMU,Independent,2440,30
Jharkhand,LITIPARA,7,PROMILA MARANDI,Independent,526,2
Jharkhand,LITIPARA,8,MUNNI HANSDA,Independent,1108,4
Jharkhand,LITIPARA,9,RASKA HEMBRAM,Independent,1726,2
Jharkhand,LITIPARA,10,NOTA,None of the Above,3319,8
Jharkhand,PAKAUR,1,AZHAR ISLAM,AJSU Party,69086,712
Jharkhand,PAKAUR,2,NISAT ALAM,Indian National Congress,154766,1061
Jharkhand,PAKAUR,3,SK SAIFUDDIN,Communist Party of India (Marxist),3623,29
Jharkhand,PAKAUR,4,AQUIL AKHTAR,Samajwadi Party,46678,361
Jharkhand,PAKAUR,5,MD ASRAF ALI,Aapki Vikas Party,439,3
Jharkhand,PAKAUR,6,UMAR ANSARI,Navyug Pragatisheel Morcha,535,1
Jharkhand,PAKAUR,7,DIBENDU KUMAR MANDAL,Lokhit Adhikar Party,336,19
Jharkhand,PAKAUR,8,SHAMBHU NANDAN KUMAR,Shiv Sena,709,17
Jharkhand,PAKAUR,9,SANJAY KALINDI,Socialist Unity Centre Of India (COMMUNIST),320,4
Jharkhand,PAKAUR,10,MD HANJELA SHAIKH,Social Democratic Party Of India,1558,7
Jharkhand,PAKAUR,11,HAJI MUHAMMED TANWEER ALAM ANSARI,All India Majlis-E-Ittehadul Muslimeen,1384,7
Jharkhand,PAKAUR,12,AANAND TURI,Independent,606,4
Jharkhand,PAKAUR,13,ASRAFUL SHEKH,Independent,2798,6
Jharkhand,PAKAUR,14,PRADIP KUMAR RAJAK,Independent,1438,6
Jharkhand,PAKAUR,15,MUKESH KUMAR SHUKLA,Independent,6191,57
Jharkhand,PAKAUR,16,MD HANIF,Independent,3172,2
Jharkhand,PAKAUR,17,NOTA,None of the Above,2103,78
Jharkhand,MAHESHPUR,1,GOPIN SOREN,Communist Party of India (Marxist),5317,12
Jharkhand,MAHESHPUR,2,NAVNEET ANTHONY HEMBROM,Bharatiya Janata Party,53278,471
Jharkhand,MAHESHPUR,3,STEPHEN MARANDI,Jharkhand Mukti Morcha,113843,1081
Jharkhand,MAHESHPUR,4,ELIAN HANSDAK,Jharkhand People's Party,1236,5
Jharkhand,MAHESHPUR,5,KAMESHWAR HANSDA,Ambedkarite Party of India,810,0
Jharkhand,MAHESHPUR,6,DAUD MARANDI,Samajwadi Party,2627,17
Jharkhand,MAHESHPUR,7,MISTRY SOREN,Bhartiya Azad Sena,4983,48
Jharkhand,MAHESHPUR,8,ELIAS KISKU,Independent,800,7
Jharkhand,MAHESHPUR,9,ELIAS HEMBROM,Independent,632,5
Jharkhand,MAHESHPUR,10,GANGARAM KISKU,Independent,396,3
Jharkhand,MAHESHPUR,11,GABRIEL HEMBROM,Independent,521,2
Jharkhand,MAHESHPUR,12,BUDHAN MARANDI,Independent,505,0
Jharkhand,MAHESHPUR,13,MADAN MURMU,Independent,969,1
Jharkhand,MAHESHPUR,14,REPHAEEL MURMU,Independent,2303,2
Jharkhand,MAHESHPUR,15,STEFAN MARANDI,Independent,1560,6
Jharkhand,MAHESHPUR,16,NOTA,None of the Above,1294,10
Jharkhand,SIKARIPARA,1,ALOK KUMAR SOREN,Jharkhand Mukti Morcha,101387,812
Jharkhand,SIKARIPARA,2,PARITOSH SOREN,Bharatiya Janata Party,60625,400
Jharkhand,SIKARIPARA,3,SIMAN MURMU,Indian National Socialistic Action Forces,1057,3
Jharkhand,SIKARIPARA,4,JOSEPH BASKEY,Independent,853,10
Jharkhand,SIKARIPARA,5,JOSEPH BESRA,Independent,163,1
Jharkhand,SIKARIPARA,6,DEBU DEHRI,Independent,274,8
Jharkhand,SIKARIPARA,7,PETER SOREN,Independent,222,3
Jharkhand,SIKARIPARA,8,PREM KUMAR HEMBROM,Independent,433,1
Jharkhand,SIKARIPARA,9,PROMILA MARANDI,Independent,1176,0
Jharkhand,SIKARIPARA,10,SUSHANTI HEMBROM,Independent,935,1
Jharkhand,SIKARIPARA,11,HABIL MURMU,Independent,2147,11
Jharkhand,SIKARIPARA,12,NOTA,None of the Above,3776,15
Jharkhand,NALA,1,MADHAV CHANDRA MAHATO,Bharatiya Janata Party,78712,0
Jharkhand,NALA,2,RABINDRA NATH MAHATO,Jharkhand Mukti Morcha,88981,0
Jharkhand,NALA,3,KANAI CHANDRA MALPAHARIA,Communist Party of India,5936,0
Jharkhand,NALA,4,MAHASHON MURMU,Lokhit Adhikar Party,542,0
Jharkhand,NALA,5,RAGHUBIR YADAV,Jharkhand Loktantrik Krantikari Morcha,1142,0
Jharkhand,NALA,6,AMIT KUMAR CHALAK,Independent,123,0
Jharkhand,NALA,7,GUNADHAR MONDAL,Independent,112,0
Jharkhand,NALA,8,JOYANTO BANERJEE,Independent,193,0
Jharkhand,NALA,9,DIGUMBER PRASAD SAHA,Independent,226,0
Jharkhand,NALA,10,PURAN PUJHAR,Independent,245,0
Jharkhand,NALA,11,BISHWANATH SOREN,Independent,215,0
Jharkhand,NALA,12,MUSTAK SHEKH,Independent,403,0
Jharkhand,NALA,13,RAJIB HEMBROM,Independent,837,0
Jharkhand,NALA,14,RAJESHSWER HANSDA,Independent,1038,0
Jharkhand,NALA,15,SHANTI GOPAL MAHATO,Independent,2984,0
Jharkhand,NALA,16,SANTOSH HEMBRAM,Independent,4255,0
Jharkhand,NALA,17,SUJIT KUMAR SARKAR,Independent,1443,0
Jharkhand,NALA,18,NOTA,None of the Above,1553,0
Jharkhand,JAMTARA,1,ARIF ANSARI,Bahujan Samaj Party,1805,7
Jharkhand,JAMTARA,2,IRFAN ANSARI,Indian National Congress,132221,1045
Jharkhand,JAMTARA,3,LAKHAN LAL MANDAL,Communist Party of India (Marxist),3545,8
Jharkhand,JAMTARA,4,SITA MURMU,Bharatiya Janata Party,88763,827
Jharkhand,JAMTARA,5,AHMAD HUSSAIN,Jharkhand People's Party,838,0
Jharkhand,JAMTARA,6,KULDIP YADAV,Hindustan Peoples Party (Democratic),466,2
Jharkhand,JAMTARA,7,TARUN KU. GUPTA,Jharkhand Loktantrik Krantikari Morcha,5084,67
Jharkhand,JAMTARA,8,BALESHWAR MANDAL,Nationalist Congress Party,286,1
Jharkhand,JAMTARA,9,AKBAR ANSARI,Independent,664,4
Jharkhand,JAMTARA,10,MUKESH MURMU,Independent,539,1
Jharkhand,JAMTARA,11,RIYAZ AHMAD,Independent,1414,0
Jharkhand,JAMTARA,12,SATRUGHAN PANDIT,Independent,1083,3
Jharkhand,JAMTARA,13,SUJIT DAS,Independent,2486,1
Jharkhand,JAMTARA,14,NOTA,None of the Above,2842,7
Jharkhand,DUMKA,1,BASANT SOREN,Jharkhand Mukti Morcha,94237,1448
Jharkhand,DUMKA,2,BABU RAM MURMU,Bahujan Samaj Party,1146,7
Jharkhand,DUMKA,3,SUNIL SOREN,Bharatiya Janata Party,80010,1087
Jharkhand,DUMKA,4,JITAN KOL,Sampoorna Bharat Kranti Party,790,3
Jharkhand,DUMKA,5,RONALD MURMU,Lokhit Adhikar Party,277,3
Jharkhand,DUMKA,6,SANJAY TUDU,Indian National Socialistic Action Forces,163,0
Jharkhand,DUMKA,7,ANOS MARANDI,Independent,145,0
Jharkhand,DUMKA,8,DONALD HEMBROM,Independent,213,3
Jharkhand,DUMKA,9,MASICHARAN KISKU,Independent,357,0
Jharkhand,DUMKA,10,MAHENDRA HEMBROM,Independent,311,6
Jharkhand,DUMKA,11,RAVAN KISKU,Independent,492,0
Jharkhand,DUMKA,12,SUSHIL MARANDI,Independent,1700,14
Jharkhand,DUMKA,13,SONA MURMU,Independent,814,4
Jharkhand,DUMKA,14,NOTA,None of the Above,3163,26
Jharkhand,JAMA,1,LOIS MARANDI,Jharkhand Mukti Morcha,75870,554
Jharkhand,JAMA,2,SHAILENDRA HEMBRAM,Bahujan Samaj Party,949,7
Jharkhand,JAMA,3,SANATAN DEHRI,Communist Party of India (Marxist),1672,5
Jharkhand,JAMA,4,SURESH MURMU,Bharatiya Janata Party,70210,476
Jharkhand,JAMA,5,ANIL TUDU,Lokhit Adhikar Party,855,0
Jharkhand,JAMA,6,CHANDAN MURMU,Akhil Bharatiya Socialist Party,263,1
Jharkhand,JAMA,7,JAGAN HEMBROM,Ambedkarite Party of India,667,0
Jharkhand,JAMA,8,DEBIN MURMU,Jharkhand Loktantrik Krantikari Morcha,598,14
Jharkhand,JAMA,9,VERONICA MURMU,Jharkhand Party,518,1
Jharkhand,JAMA,10,MINU MARANDI,Indian National Socialistic Action Forces,271,0
Jharkhand,JAMA,11,ARJUN PUJHAR,Independent,330,9
Jharkhand,JAMA,12,ABINASH TUDU,Independent,579,0
Jharkhand,JAMA,13,POLINA MURMU,Independent,2066,1
Jharkhand,JAMA,14,BIMLA MURMU,Independent,691,3
Jharkhand,JAMA,15,BIHARI HANSDA,Independent,679,1
Jharkhand,JAMA,16,RASIK MURMU,Independent,2811,0
Jharkhand,JAMA,17,RAJEEV BASKY,Independent,1475,6
Jharkhand,JAMA,18,RAMKRISHNA HEMBROM,Independent,707,5
Jharkhand,JAMA,19,NOTA,None of the Above,674,5
Jharkhand,JARMUNDI,1,DEVENDRA KUNWAR,Bharatiya Janata Party,94408,484
Jharkhand,JARMUNDI,2,BADAL,Indian National Congress,76881,465
Jharkhand,JARMUNDI,3,LALMOHAN RAY,Bahujan Samaj Party,1823,15
Jharkhand,JARMUNDI,4,AMRENDRA KUMAR,Samajwadi Party,983,18
Jharkhand,JARMUNDI,5,JAI NARAYAN MANDAL,Indian National Socialistic Action Forces,274,1
Jharkhand,JARMUNDI,6,MD RAZI AHMAD,Rashtriya Republican Party,1058,12
Jharkhand,JARMUNDI,7,RAJEEV KUMAR,Jharkhand Loktantrik Krantikari Morcha,2414,39
Jharkhand,JARMUNDI,8,KEDAR DAS,Independent,330,0
Jharkhand,JARMUNDI,9,JULI YADAV,Independent,612,4
Jharkhand,JARMUNDI,10,DILIP KUMAR DUBEY,Independent,280,1
Jharkhand,JARMUNDI,11,DEVENDRA MANDAL,Independent,491,3
Jharkhand,JARMUNDI,12,DHIRAJ KUMAR,Independent,825,0
Jharkhand,JARMUNDI,13,DHIRAJ KUMAR JHA,Independent,979,7
Jharkhand,JARMUNDI,14,MAMTA VERMA,Independent,1316,1
Jharkhand,JARMUNDI,15,MAHENDRA DAS,Independent,3210,0
Jharkhand,JARMUNDI,16,MURARI KAPRI,Independent,4635,0
Jharkhand,JARMUNDI,17,HANIF MIAN,Independent,1701,0
Jharkhand,JARMUNDI,18,NOTA,None of the Above,1470,2
Jharkhand,MADHUPUR,1,GANGA NARAYAN SINGH,Bharatiya Janata Party,114314,0
Jharkhand,MADHUPUR,2,MD JIYAUL HAK,Bahujan Samaj Party,1479,0
Jharkhand,MADHUPUR,3,HAFIZUL HASSAN,Jharkhand Mukti Morcha,118071,0
Jharkhand,MADHUPUR,4,ABDUL LATIF ANSARI,Rashtriya Jankranti Morcha,1171,0
Jharkhand,MADHUPUR,5,SADDAM HUSSAIN,Jharkhand Loktantrik Krantikari Morcha,378,0
Jharkhand,MADHUPUR,6,SUMAN PANDIT,Nationalist Congress Party,162,0
Jharkhand,MADHUPUR,7,UMESH SINGH,Independent,145,0
Jharkhand,MADHUPUR,8,DEVKI DEVI,Independent,148,0
Jharkhand,MADHUPUR,9,NILESH KUMAR GUPTA,Independent,183,0
Jharkhand,MADHUPUR,10,PRAVIN KUMAR THAKUR,Independent,198,0
Jharkhand,MADHUPUR,11,BINAY KUMAR DAS,Independent,240,0
Jharkhand,MADHUPUR,12,RAMKISHOR SHAHI,Independent,328,0
Jharkhand,MADHUPUR,13,SANJAY KUMAR YADAV,Independent,583,0
Jharkhand,MADHUPUR,14,SAHUD MIAN,Independent,2852,0
Jharkhand,MADHUPUR,15,SUBODH KUMAR RAJHANS,Independent,1567,0
Jharkhand,MADHUPUR,16,NOTA,None of the Above,3356,0
Jharkhand,SARATH,1,UDAY SHANKAR SINGH,Jharkhand Mukti Morcha,124669,0
Jharkhand,SARATH,2,RANDHIR KUMAR SINGH,Bharatiya Janata Party,92440,0
Jharkhand,SARATH,3,SAIF AHMAD YAQUBI,Bahujan Samaj Party,1224,0
Jharkhand,SARATH,4,MD. AZHARUDDIN,Jharkhand Loktantrik Krantikari Morcha,593,0
Jharkhand,SARATH,5,KAJAL KUMAR MAHTO,Samajwadi Party,270,0
Jharkhand,SARATH,6,CHHAYA KOL,Communist Party of India,619,0
Jharkhand,SARATH,7,SHIVESHWAR TUDU,Peoples Party of India (Democratic),263,0
Jharkhand,SARATH,8,SIRAJUDDIN ANSARI,Jharkhand People's Party,189,0
Jharkhand,SARATH,9,ABIR MIYAN,Independent,170,0
Jharkhand,SARATH,10,KISHOR MANDAL,Independent,169,0
Jharkhand,SARATH,11,KRISHNA KUMAR SINGH,Independent,185,0
Jharkhand,SARATH,12,DHANNAJAY PRSAD SINGH,Independent,193,0
Jharkhand,SARATH,13,PINKI KUMARI,Independent,840,0
Jharkhand,SARATH,14,MANISH KUMAR GUPTA,Independent,681,0
Jharkhand,SARATH,15,VICKY KUMAR MANDAL,Independent,2855,0
Jharkhand,SARATH,16,SANJAY PANDIT,Independent,3092,0
Jharkhand,SARATH,17,SANTOSH KUMAR GUPTA,Independent,2163,0
Jharkhand,SARATH,18,NOTA,None of the Above,1469,0
Jharkhand,DEOGHAR,1,GYAN RANJAN,Bahujan Samaj Party,3839,15
Jharkhand,DEOGHAR,2,NARAYAN DAS,Bharatiya Janata Party,115304,1054
Jharkhand,DEOGHAR,3,SURESH PASWAN,Rashtriya Janata Dal,154679,1400
Jharkhand,DEOGHAR,4,ANGREJ DAS,Jharkhand Loktantrik Krantikari Morcha,3492,35
Jharkhand,DEOGHAR,5,KAMESHWAR NATH DAS,Independent,1418,8
Jharkhand,DEOGHAR,6,BAJRANGI MAHTHA,Independent,4404,10
Jharkhand,DEOGHAR,7,BASANT KUMAR ANAND,Independent,2008,5
Jharkhand,DEOGHAR,8,NOTA,None of the Above,3882,24
Jharkhand,POREYAHAT,1,DEVENDRANATH SINGH,Bharatiya Janata Party,83116,596
Jharkhand,POREYAHAT,2,PRADEEP YADAV,Indian National Congress,116659,1183
Jharkhand,POREYAHAT,3,SANJAY YADAV,Bahujan Samaj Party,1646,8
Jharkhand,POREYAHAT,4,ARUN KUMAR,Nyaydharmsabha,611,1
Jharkhand,POREYAHAT,5,JAYPRAKASH DAS,Lokhit Adhikar Party,364,2
Jharkhand,POREYAHAT,6,PRAWEEN KUMAR,Jharkhand Loktantrik Krantikari Morcha,3286,30
Jharkhand,POREYAHAT,7,RAM CHANDRA HEMBROM,Communist Party of India,3317,1
Jharkhand,POREYAHAT,8,XAVIER YADAV,Independent,454,1
Jharkhand,POREYAHAT,9,THAKUR VIKRAM SINGH,Independent,818,1
Jharkhand,POREYAHAT,10,BABULAL TUDU,Independent,576,3
Jharkhand,POREYAHAT,11,MUKESH KUMAR JHA,Independent,483,2
Jharkhand,POREYAHAT,12,MUKESH TUDU,Independent,1175,4
Jharkhand,POREYAHAT,13,RAJENDRA PANDIT,Independent,3655,10
Jharkhand,POREYAHAT,14,NOTA,None of the Above,4752,9
Jharkhand,GODDA,1,AMIT KUMAR MANDAL,Bharatiya Janata Party,86961,1055
Jharkhand,GODDA,2,SHREE RAM TURI,Bahujan Samaj Party,1357,14
Jharkhand,GODDA,3,SANJAY PRASAD YADAV,Rashtriya Janata Dal,108319,1168
Jharkhand,GODDA,4,GYANESHWAR JHA,Jagrook Janta Party,1020,1
Jharkhand,GODDA,5,NOOR HASAN,Samata Party,601,3
Jharkhand,GODDA,6,PARIMAL KUMAR THAKUR,Jharkhand Loktantrik Krantikari Morcha,9122,115
Jharkhand,GODDA,7,BALRAM PASWAN,Peoples Party of India (Democratic),392,1
Jharkhand,GODDA,8,RANJIT KUMAR,Aazad Samaj Party (Kanshi Ram),1521,9
Jharkhand,GODDA,9,RAJU KUMAR,Socialist Unity Centre Of India (COMMUNIST),442,3
Jharkhand,GODDA,10,DILIP KUMAR SAH,Independent,350,1
Jharkhand,GODDA,11,NIRANJAN PRASAD YADAV,Independent,568,5
Jharkhand,GODDA,12,Prakhar Kumar,Independent,488,3
Jharkhand,GODDA,13,SHAMBHU PANDIT,Independent,936,6
Jharkhand,GODDA,14,SHAHID RAJA,Independent,3248,0
Jharkhand,GODDA,15,HEM KANT THAKUR,Independent,897,2
Jharkhand,GODDA,16,NOTA,None of the Above,2298,10
Jharkhand,MAHAGAMA,1,ASHOK KUMAR,Bharatiya Janata Party,94612,0
Jharkhand,MAHAGAMA,2,DEEPIKA PANDEY SINGH,Indian National Congress,112806,0
Jharkhand,MAHAGAMA,3,JAWAHAR LAL YADAV,Jharkhand Loktantrik Krantikari Morcha,5061,0
Jharkhand,MAHAGAMA,4,PAVAN KUMAR TURI,Mera Adhikaar Rashtriya Dal,349,0
Jharkhand,MAHAGAMA,5,MOHAMMAD KAMRAN KHAN,All India Majlis-E-Ittehadul Muslimeen,1766,0
Jharkhand,MAHAGAMA,6,KRISHAN MOHAN CHOUBEY,Independent,273,0
Jharkhand,MAHAGAMA,7,MD KHURSHID ALAM,Independent,288,0
Jharkhand,MAHAGAMA,8,MOKKRAM ANSARI,Independent,382,0
Jharkhand,MAHAGAMA,9,MD SAHAJHAN ALAM,Independent,743,0
Jharkhand,MAHAGAMA,10,MD. HARUNRASID,Independent,2185,0
Jharkhand,MAHAGAMA,11,NOTA,None of the Above,2913,0
Jharkhand,KODARMA,1,DR. NEERA YADAV,Bharatiya Janata Party,86072,662
Jharkhand,KODARMA,2,PRAKASH AMBEDKAR,Bahujan Samaj Party,2331,24
Jharkhand,KODARMA,3,SUBHASH PRASAD YADAV,Rashtriya Janata Dal,80113,806
Jharkhand,KODARMA,4,GALIB MANSURI,Aapki Vikas Party,1479,1
Jharkhand,KODARMA,5,KAMESWAR MAHTO,Independent,1317,4
Jharkhand,KODARMA,6,MAHENDRA PRASAD YADAV,Independent,494,4
Jharkhand,KODARMA,7,YOGENDRA KUMAR PANDIT,Independent,468,3
Jharkhand,KODARMA,8,RAJESH RAJ,Independent,1522,17
Jharkhand,KODARMA,9,RITLAL PRASAD SINGH,Independent,1522,7
Jharkhand,KODARMA,10,ROUNAK KUMAR YADAV,Independent,939,18
Jharkhand,KODARMA,11,VIRENDRA PRASAD VERMA,Independent,2200,1
Jharkhand,KODARMA,12,SHALINI GUPTA,Independent,68934,603
Jharkhand,KODARMA,13,SUNIL KU SINHA,Independent,1983,1
Jharkhand,KODARMA,14,NOTA,None of the Above,5896,13
Jharkhand,BARKATHA,1,AMIT KUMAR YADAV,Bharatiya Janata Party,81513,708
Jharkhand,BARKATHA,2,JANKI PRASAD YADAV,Jharkhand Mukti Morcha,77763,798
Jharkhand,BARKATHA,3,SARYU PRASAD VERMA,Bahujan Samaj Party,2169,10
Jharkhand,BARKATHA,4,UMESH KUMAR YADAV,Aazad Samaj Party (Kanshi Ram),1807,15
Jharkhand,BARKATHA,5,KUMKUM DEVI,Lokhit Adhikar Party,12355,161
Jharkhand,BARKATHA,6,MAHADEO RAM,Communist Party of India,2108,18
Jharkhand,BARKATHA,7,MAHENDRA PRASAD,Jharkhand Loktantrik Krantikari Morcha,7803,75
Jharkhand,BARKATHA,8,RAJ KUMAR YADAV,Samajwadi Party,2349,15
Jharkhand,BARKATHA,9,SUKHDEV YADAV,Nationalist Congress Party,326,4
Jharkhand,BARKATHA,10,ANIL RAY,Independent,425,2
Jharkhand,BARKATHA,11,ANUP KUMAR,Independent,683,3
Jharkhand,BARKATHA,12,CHANDRAKANT PANDEY,Independent,1417,19
Jharkhand,BARKATHA,13,NITIKA KUMARI,Independent,806,1
Jharkhand,BARKATHA,14,BATESHWER PD. MEHTA,Independent,39064,460
Jharkhand,BARKATHA,15,RAJKUMAR PASWAN,Independent,4088,5
Jharkhand,BARKATHA,16,RAMCHANDRA PRASAD,Independent,4379,8
Jharkhand,BARKATHA,17,SAMSHAD ALAM,Independent,2331,11
Jharkhand,BARKATHA,18,SUJEET KUMAR,Independent,1503,1
Jharkhand,BARKATHA,19,SUNIL KUMAR,Independent,690,6
Jharkhand,BARKATHA,20,SURENDRA PRASAD MODI,Independent,3946,29
Jharkhand,BARKATHA,21,NOTA,None of the Above,1023,8
Jharkhand,BARHI,1,ARUN SAHU,Indian National Congress,63381,602
Jharkhand,BARHI,2,MANOJ KUMAR YADAV,Bharatiya Janata Party,112332,942
Jharkhand,BARHI,3,SANTOSH RAVIDAS,Bahujan Samaj Party,1850,18
Jharkhand,BARHI,4,UMASHANKAR AKELA,Samajwadi Party,23512,117
Jharkhand,BARHI,5,KRISHN KUMAR YADAV,Jharkhand Loktantrik Krantikari Morcha,4850,47
Jharkhand,BARHI,6,MAHESH THAKUR,Nationalist Congress Party,294,10
Jharkhand,BARHI,7,SHIV KUMAR RAM,Peoples Party of India (Democratic),393,5
Jharkhand,BARHI,8,ARJUN PRASAD KESHRI,Independent,296,2
Jharkhand,BARHI,9,AVINASH KUMAR,Independent,2327,25
Jharkhand,BARHI,10,KEDAR PRASAD YADAV,Independent,247,3
Jharkhand,BARHI,11,DILIP KUMAR CHANDRAVANSHI,Independent,269,3
Jharkhand,BARHI,12,PURUSHOTTAM KUMAR PANDEY,Independent,420,4
Jharkhand,BARHI,13,BADRI YADAV,Independent,913,0
Jharkhand,BARHI,14,DR. BALESHWAR RAM,Independent,778,4
Jharkhand,BARHI,15,RAMASHISH SINGH,Independent,3056,0
Jharkhand,BARHI,16,VIRJU PASWAN,Independent,2273,0
Jharkhand,BARHI,17,MO. SERAJ,Independent,1211,1
Jharkhand,BARHI,18,NOTA,None of the Above,1503,5
Jharkhand,BARKAGAON,1,AMBA PRASAD,Indian National Congress,92143,0
Jharkhand,BARKAGAON,2,KAMESHWAR KUMAR DAS,Bahujan Samaj Party,1320,0
Jharkhand,BARKAGAON,3,ROSHAN LAL CHOUDHARY,Bharatiya Janata Party,123740,0
Jharkhand,BARKAGAON,4,ANIRUDDH KUMAR,Communist Party of India,2376,0
Jharkhand,BARKAGAON,5,GOVIND BEDIA,Samajwadi Party,868,0
Jharkhand,BARKAGAON,6,PRAKASH SONI,Bhartiya Azad Sena,286,0
Jharkhand,BARKAGAON,7,FULESHWAR MAHTO,Lokhit Adhikar Party,402,0
Jharkhand,BARKAGAON,8,BALESHWAR KUMAR,Jharkhand Loktantrik Krantikari Morcha,26630,0
Jharkhand,BARKAGAON,9,BITTU KUMAR SINGH,Rashtriya Lok Dal,566,0
Jharkhand,BARKAGAON,10,MUKHTAR ANSARI,Jharkhand Party,461,0
Jharkhand,BARKAGAON,11,RANJAN SONI,Akhil Bhartiya Aarakshit Samaj Party,300,0
Jharkhand,BARKAGAON,12,VIKASH KUMAR,Rashtriya Samanta Dal,421,0
Jharkhand,BARKAGAON,13,MD SHAMIM MIYAN,All India Majlis-E-Ittehadul Muslimeen,1640,0
Jharkhand,BARKAGAON,14,SOHAR MAHTO,Jharkhand Mukti Morcha (Ulgulan),1635,0
Jharkhand,BARKAGAON,15,MD. HASAN,Azad Adhikar Sena,601,0
Jharkhand,BARKAGAON,16,AMAN KUMAR,Independent,2665,0
Jharkhand,BARKAGAON,17,MD. GAYASUDDIN ANSARI,Independent,1591,0
Jharkhand,BARKAGAON,18,JAGTAR SINGH,Independent,373,0
Jharkhand,BARKAGAON,19,JHAMAN PRASAD,Independent,1186,0
Jharkhand,BARKAGAON,20,JHARI MUNDA,Independent,646,0
Jharkhand,BARKAGAON,21,DURGA CHARAN PRASAD,Independent,577,0
Jharkhand,BARKAGAON,22,PRABHU ORAON,Independent,683,0
Jharkhand,BARKAGAON,23,BHOLA NATH PRASAD,Independent,221,0
Jharkhand,BARKAGAON,24,RAJ KISHOR CHOUDHARY,Independent,507,0
Jharkhand,BARKAGAON,25,LALDEW MUNDA,Independent,461,0
Jharkhand,BARKAGAON,26,SUNIL KUMAR BEDIA SUNDARNATH BEDIA,Independent,244,0
Jharkhand,BARKAGAON,27,NOTA,None of the Above,1170,0
Jharkhand,RAMGARH,1,BINU KUMAR MAHTO,Bahujan Samaj Party,1217,1
Jharkhand,RAMGARH,2,MAMTA DEVI,Indian National Congress,89152,666
Jharkhand,RAMGARH,3,SUNITA CHOUDHARY,AJSU Party,82444,584
Jharkhand,RAMGARH,4,ARIJIT PATEL,Akhil Bhartiya Aarakshit Samaj Party,654,3
Jharkhand,RAMGARH,5,CHATURBHUJ KASHYAP,Peoples Party of India (Democratic),795,2
Jharkhand,RAMGARH,6,NITESH KUMAR SINHA,Bhartiya Rashtriya Jagsewa Party,2263,1
Jharkhand,RAMGARH,7,PANESHWAR KUMAR,Jharkhand Loktantrik Krantikari Morcha,70425,554
Jharkhand,RAMGARH,8,FAROOQUE ANSARI,Lokhit Adhikar Party,479,0
Jharkhand,RAMGARH,9,MADHU DEVI,Aazad Samaj Party (Kanshi Ram),893,2
Jharkhand,RAMGARH,10,LAL KISHUN PRASAD,Rashtriya Samanta Dal,1224,0
Jharkhand,RAMGARH,11,KUNDAN KUMAR LAHERI,Independent,538,1
Jharkhand,RAMGARH,12,GAUTAM KUMAR PANDA,Independent,1758,2
Jharkhand,RAMGARH,13,JHALU KARMALI,Independent,537,5
Jharkhand,RAMGARH,14,DHAMENDRA PRASAD,Independent,1300,2
Jharkhand,RAMGARH,15,PANKAJ KUMAR,Independent,1709,1
Jharkhand,RAMGARH,16,LALITA DEVI,Independent,1265,0
Jharkhand,RAMGARH,17,SUSHIL KUMAR,Independent,362,2
Jharkhand,RAMGARH,18,NOTA,None of the Above,1447,3
Jharkhand,MANDU,1,JAI PRAKASH BHAI PATEL,Indian National Congress,89607,0
Jharkhand,MANDU,2,NIRMAL MAHTO,AJSU Party,89945,0
Jharkhand,MANDU,3,SUSHIL KUMAR,Bahujan Samaj Party,1108,0
Jharkhand,MANDU,4,JAGO SAW,Lokhit Adhikar Party,678,0
Jharkhand,MANDU,5,BIHARI KUMAR,Jharkhand Loktantrik Krantikari Morcha,70696,0
Jharkhand,MANDU,6,MD. MAHMOOD ALAM,Rashtriya Jankranti Morcha,724,0
Jharkhand,MANDU,7,MUKHTAR KHAN,Aapki Vikas Party,277,0
Jharkhand,MANDU,8,MOHAMMAD ABDULLAH HAWARI,Nationalist Congress Party,419,0
Jharkhand,MANDU,9,MOHAMMAD NAZIR ANSARI,Aazad Samaj Party (Kanshi Ram),10110,0
Jharkhand,MANDU,10,MD. SALMAN ANSARI,Peoples Party of India (Democratic),621,0
Jharkhand,MANDU,11,ANUJ KUMAR ROY,Independent,622,0
Jharkhand,MANDU,12,ANAND SOREN,Independent,4661,0
Jharkhand,MANDU,13,JAYANANDAN SAHU,Independent,1336,0
Jharkhand,MANDU,14,PRADEEP MUNDA,Independent,1545,0
Jharkhand,MANDU,15,BIPIN KUMAR SINHA,Independent,2361,0
Jharkhand,MANDU,16,MAHESH TIGGA,Independent,4738,0
Jharkhand,MANDU,17,RANJEET KUMAR SOREN,Independent,1321,0
Jharkhand,MANDU,18,SANJAY KUMAR MEHTA,Independent,843,0
Jharkhand,MANDU,19,NOTA,None of the Above,991,0
Jharkhand,HAZARIBAGH,1,ABHISHEK KUMAR,Bahujan Samaj Party,1429,0
Jharkhand,HAZARIBAGH,2,PRADIP PRASAD,Bharatiya Janata Party,137372,0
Jharkhand,HAZARIBAGH,3,MUNNA SINGH,Indian National Congress,93856,0
Jharkhand,HAZARIBAGH,4,UDAY KUMAR MEHTA,Jharkhand Loktantrik Krantikari Morcha,13853,0
Jharkhand,HAZARIBAGH,5,NIRMAL SAW,Lokhit Adhikar Party,379,0
Jharkhand,HAZARIBAGH,6,NISHANT KUMAR SINHA,Peoples Party of India (Democratic),428,0
Jharkhand,HAZARIBAGH,7,PRADEEP KUMAR PANDEY,Nationalist Congress Party,245,0
Jharkhand,HAZARIBAGH,8,FAHIM UDDIN AHMAD,Samata Party,505,0
Jharkhand,HAZARIBAGH,9,RAMESHWAR RAM KUSHWAHA,Bharatiya Rashtriya Forward Bloc,194,0
Jharkhand,HAZARIBAGH,10,SANJAY KUMAR,Aazad Samaj Party (Kanshi Ram),1489,0
Jharkhand,HAZARIBAGH,11,SATISH KUMAR,Rashtriya Samanta Dal,422,0
Jharkhand,HAZARIBAGH,12,SURESH THAKUR,Bharatiya Sarvjan Vikas Party,446,0
Jharkhand,HAZARIBAGH,13,ARBIND KUMAR OJHA,Independent,668,0
Jharkhand,HAZARIBAGH,14,TEKOCHAND MAHTO,Independent,1318,0
Jharkhand,HAZARIBAGH,15,PRASHANT KUMAR VARMA,Independent,1550,0
Jharkhand,HAZARIBAGH,16,BHAIYA BANKE BIHARI,Independent,1346,0
Jharkhand,HAZARIBAGH,17,MUKESH KUMAR KASERA,Independent,595,0
Jharkhand,HAZARIBAGH,18,MD MOINUDDIN AHMAD,Independent,825,0
Jharkhand,HAZARIBAGH,19,RAJ KUMAR SINGH,Independent,647,0
Jharkhand,HAZARIBAGH,20,VIKRAM RANA,Independent,898,0
Jharkhand,HAZARIBAGH,21,SACHIDA NAND PANDEY,Independent,257,0
Jharkhand,HAZARIBAGH,22,SINTU RAM,Independent,224,0
Jharkhand,HAZARIBAGH,23,HARSH AJMERA,Independent,4004,0
Jharkhand,HAZARIBAGH,24,NOTA,None of the Above,1006,0
Jharkhand,SIMARIA,1,KUMAR UJJWAL,Bharatiya Janata Party,110839,1067
Jharkhand,SIMARIA,2,MANOJ KUMAR CHANDRA,Jharkhand Mukti Morcha,106639,1266
Jharkhand,SIMARIA,3,RAMWTAR RAM,Bahujan Samaj Party,2261,4
Jharkhand,SIMARIA,4,JITENDRA KUMAR,Jharkhand Loktantrik Krantikari Morcha,11046,118
Jharkhand,SIMARIA,5,LAL KISHORE DAS,Jharkhand Party,567,5
Jharkhand,SIMARIA,6,SURESH KUMAR,Communist Party of India,3801,8
Jharkhand,SIMARIA,7,VIKASH KUMAR,Independent,898,4
Jharkhand,SIMARIA,8,VINAY KUMAR,Independent,522,5
Jharkhand,SIMARIA,9,VINOD KUMAR,Independent,792,1
Jharkhand,SIMARIA,10,SHANKAR RAJAK,Independent,1266,5
Jharkhand,SIMARIA,11,SADANAND BHUIYAN,Independent,3595,3
Jharkhand,SIMARIA,12,NOTA,None of the Above,6914,14
Jharkhand,CHATRA,1,CHANDRA SHEKHAR KUMAR,Bahujan Samaj Party,3580,45
Jharkhand,CHATRA,2,PUN BHUIYO,Communist Party of India (Marxist),3001,15
Jharkhand,CHATRA,3,RASHMI PRAKASH,Rashtriya Janata Dal,89822,796
Jharkhand,CHATRA,4,ASHOK KUMAR DOM,Lokhit Adhikar Party,2679,10
Jharkhand,CHATRA,5,ASHOK BHARTI,Jharkhand Loktantrik Krantikari Morcha,16679,97
Jharkhand,CHATRA,6,JANARDHAN PASWAN,Lok Janshakti Party(Ram Vilas),107641,1378
Jharkhand,CHATRA,7,DOMAN BHUIYAN,Communist Party of India,6105,7
Jharkhand,CHATRA,8,SUBODH PASWAN,All India Majlis-E-Ittehadul Muslimeen,5515,20
Jharkhand,CHATRA,9,ASHOK KUMAR GAHLOT,Independent,5653,61
Jharkhand,CHATRA,10,UMESH KUMAR BHARTI,Independent,14181,9
Jharkhand,CHATRA,11,SAGAR RAM,Independent,3284,8
Jharkhand,CHATRA,12,NOTA,None of the Above,8045,26
Jharkhand,DHANWAR,1,NIZAM UDDIN ANSARI,Jharkhand Mukti Morcha,48286,0
Jharkhand,DHANWAR,2,BABU LAL MARANDI,Bharatiya Janata Party,72433,0
Jharkhand,DHANWAR,3,MUKESH KUMAR VERMA,Bahujan Samaj Party,1067,0
Jharkhand,DHANWAR,4,AKLESHWAR SAW,Lokhit Adhikar Party,329,0
Jharkhand,DHANWAR,5,MRITUNJAY KUMAR,Bhartiya Janjagran Gandhiwadi Party,262,0
Jharkhand,DHANWAR,6,MOHAMMAD DANISH,Aazad Samaj Party (Kanshi Ram),527,0
Jharkhand,DHANWAR,7,RAJ KUMAR YADAV,Communist Party of India (Marxist-Leninist) (Liberation),24159,0
Jharkhand,DHANWAR,8,RAJDESH RATAN,Jharkhand Loktantrik Krantikari Morcha,884,0
Jharkhand,DHANWAR,9,ABHISHEK KUMAR,Independent,511,0
Jharkhand,DHANWAR,10,ARBIND PASWAN,Independent,1319,0
Jharkhand,DHANWAR,11,KARAN YADAV,Independent,334,0
Jharkhand,DHANWAR,12,GOPIKRISHN YADAV,Independent,367,0
Jharkhand,DHANWAR,13,DEVENDRA KR. GUPTA,Independent,318,0
Jharkhand,DHANWAR,14,NIRANJAN RAI,Independent,1153,0
Jharkhand,DHANWAR,15,PAWAN KUMAR RAM,Independent,2285,0
Jharkhand,DHANWAR,16,BRAHMDEV TUDOO,Independent,2790,0
Jharkhand,DHANWAR,17,BHARAT YADAV,Independent,1711,0
Jharkhand,DHANWAR,18,MANNA VINAY BASKE,Independent,1411,0
Jharkhand,DHANWAR,19,RAKESH MISHRA,Independent,481,0
Jharkhand,DHANWAR,20,RAMESHWAR PRASAD YADAV,Independent,157,0
Jharkhand,DHANWAR,21,SHREE LAL SAHU,Independent,127,0
Jharkhand,DHANWAR,22,SANJAY KUMAR,Independent,200,0
Jharkhand,DHANWAR,23,MD SAGIR,Independent,614,0
Jharkhand,DHANWAR,24,SANTU THAKUR,Independent,429,0
Jharkhand,DHANWAR,25,NOTA,None of the Above,949,0
Jharkhand,BAGODAR,1,NAGENDRA MAHTO,Bharatiya Janata Party,126781,0
Jharkhand,BAGODAR,2,SANTOSH KUMAR,Bahujan Samaj Party,1297,0
Jharkhand,BAGODAR,3,AJAY KUMAR RANJAN,Lokhit Adhikar Party,547,0
Jharkhand,BAGODAR,4,ASHISH KUMAR,Right to Recall Party,453,0
Jharkhand,BAGODAR,5,CHANDRASHEKHAR MANDAL,Samata Party,663,0
Jharkhand,BAGODAR,6,JAGESHWAR PARSAD VERMA,Rashtriya Samanta Dal,885,0
Jharkhand,BAGODAR,7,VINOD KUMAR SINGH,Communist Party of India (Marxist-Leninist) (Liberation),94106,0
Jharkhand,BAGODAR,8,MD SALIM,Jharkhand Loktantrik Krantikari Morcha,17651,0
Jharkhand,BAGODAR,9,JITAN SAW,Independent,776,0
Jharkhand,BAGODAR,10,DINESH KUMAR YADAV,Independent,1273,0
Jharkhand,BAGODAR,11,BASU MAHTO,Independent,617,0
Jharkhand,BAGODAR,12,VISHWANATH KUMAR,Independent,605,0
Jharkhand,BAGODAR,13,SHRIKANT PRASAD,Independent,1201,0
Jharkhand,BAGODAR,14,NOTA,None of the Above,5434,0
Jharkhand,JAMUA,1,KEDAR HAZRA,Jharkhand Mukti Morcha,84288,613
Jharkhand,JAMUA,2,MANJU KUMARI,Bharatiya Janata Party,116820,712
Jharkhand,JAMUA,3,GAURAV KUMAR,Aazad Samaj Party (Kanshi Ram),2259,2
Jharkhand,JAMUA,4,DEVANAND HAZRA,Samajwadi Party,677,4
Jharkhand,JAMUA,5,ROHIT KUMAR DAS,Jharkhand Loktantrik Krantikari Morcha,5023,60
Jharkhand,JAMUA,6,NANDLAL RABIDAS,Independent,706,1
Jharkhand,JAMUA,7,MAHENDRA RAJAK,Independent,1395,8
Jharkhand,JAMUA,8,SANJAY DAS,Independent,2476,0
Jharkhand,JAMUA,9,NOTA,None of the Above,5027,6
Jharkhand,GANDEY,1,KALPANA MURMU SOREN,Jharkhand Mukti Morcha,111618,0
Jharkhand,GANDEY,2,MD KAUSAR AZAD,Bahujan Samaj Party,1057,0
Jharkhand,GANDEY,3,MUNIYA DEVI,Bharatiya Janata Party,98562,0
Jharkhand,GANDEY,4,ARJUN BAITHA,Aazad Samaj Party (Kanshi Ram),2624,0
Jharkhand,GANDEY,5,MD. ARIF UDDIN,Aapki Vikas Party,247,0
Jharkhand,GANDEY,6,KAMESHWAR PRASAD SAW,Lokhit Adhikar Party,156,0
Jharkhand,GANDEY,7,MOHAMMAD KUDUS ANSARI,Rashtriya Samanta Dal,121,0
Jharkhand,GANDEY,8,RAJESH KUMAR,All India Forward Bloc,1065,0
Jharkhand,GANDEY,9,SAMIM AKHTAR,Jagrook Janta Party,1100,0
Jharkhand,GANDEY,10,DINESH PRASAD VERMA,Independent,161,0
Jharkhand,GANDEY,11,PRITEE KUMARI,Independent,214,0
Jharkhand,GANDEY,12,BASANT DEV HANSDA,Independent,453,0
Jharkhand,GANDEY,13,BIRENDRA KU. VISHWAKARMA,Independent,913,0
Jharkhand,GANDEY,14,RAMESHWAR DUSADH,Independent,2448,0
Jharkhand,GANDEY,15,LALITA ROY,Independent,685,0
Jharkhand,GANDEY,16,NOTA,None of the Above,2910,0
Jharkhand,GIRIDIH,1,ARUNDHATI MISHRA,Bahujan Samaj Party,1197,11
Jharkhand,GIRIDIH,2,NIRBHAY KUMAR SHAHABADI,Bharatiya Janata Party,89341,863
Jharkhand,GIRIDIH,3,SUDIVYA KUMAR,Jharkhand Mukti Morcha,93179,863
Jharkhand,GIRIDIH,4,AJEET RAY,All India Forward Bloc,1536,4
Jharkhand,GIRIDIH,5,ANISHA SINHA,Jagrook Janta Party,857,1
Jharkhand,GIRIDIH,6,ASHWINI AMBEDKAR,Aapki Vikas Party,248,2
Jharkhand,GIRIDIH,7,KRANTI KUMAR MURMU,Jharkhand Mukti Morcha (Ulgulan),249,4
Jharkhand,GIRIDIH,8,NAVIN ANAND,Jharkhand Loktantrik Krantikari Morcha,10662,125
Jharkhand,GIRIDIH,9,ARTI DEVI,Independent,304,2
Jharkhand,GIRIDIH,10,OM PRAKASH MAHTO,Independent,298,3
Jharkhand,GIRIDIH,11,QAISAR JAMAL ANSARI,Independent,284,5
Jharkhand,GIRIDIH,12,DR. BARNABAS HEMBROM,Independent,835,7
Jharkhand,GIRIDIH,13,RAMESHWAR DUSADH,Independent,2163,0
Jharkhand,GIRIDIH,14,SUNAINA PATHAK,Independent,2631,4
Jharkhand,GIRIDIH,15,NOTA,None of the Above,1993,11
Jharkhand,DUMRI,1,BEBI DEVI,Jharkhand Mukti Morcha,82955,596
Jharkhand,DUMRI,2,YASHODA DEVI,AJSU Party,35656,234
Jharkhand,DUMRI,3,ABDUL MOBIN RIZVI,Rashtriya Jankranti Morcha,857,0
Jharkhand,DUMRI,4,JAIRAM KUMAR MAHATO,Jharkhand Loktantrik Krantikari Morcha,93401,1095
Jharkhand,DUMRI,5,BIJAY KUMAR MAHTO,Rashtriya Jansangharsh Swaraj Party,683,0
Jharkhand,DUMRI,6,MOHAN LAL SAW,Lokhit Adhikar Party,203,1
Jharkhand,DUMRI,7,RAKIB ALAM,Aapki Vikas Party,154,0
Jharkhand,DUMRI,8,HARI PRASAD MAHTO,Swabhiman Party,185,2
Jharkhand,DUMRI,9,BAIJNATH MAHTO,Independent,1182,1
Jharkhand,DUMRI,10,MANSUR ANSARI,Independent,3732,0
Jharkhand,DUMRI,11,ROSHAN LAL TURI,Independent,810,2
Jharkhand,DUMRI,12,SHIVSHANKAR MAHTO,Independent,987,2
Jharkhand,DUMRI,13,NOTA,None of the Above,3314,5
Jharkhand,GOMIA,1,CHHOTAN RAM,Bahujan Samaj Party,1250,14
Jharkhand,GOMIA,2,YOGENDRA PRASAD,Jharkhand Mukti Morcha,93759,1411
Jharkhand,GOMIA,3,LAMBODAR MAHTO,AJSU Party,53717,791
Jharkhand,GOMIA,4,PUJA KUMARI,Jharkhand Loktantrik Krantikari Morcha,58237,840
Jharkhand,GOMIA,5,MANOJ KUMAR MAHTO,Peoples Party of India (Democratic),680,0
Jharkhand,GOMIA,6,IFTEKHAR MAHMOOD,Independent,1121,13
Jharkhand,GOMIA,7,MD ISRAFIL,Independent,1803,20
Jharkhand,GOMIA,8,CHITRANJAN SAW,Independent,1802,92
Jharkhand,GOMIA,9,PRAKASH LAL SINGH,Independent,2876,50
Jharkhand,GOMIA,10,MADAN KUMAR SAW,Independent,1578,3
Jharkhand,GOMIA,11,RAKESH KARMALI,Independent,1175,2
Jharkhand,GOMIA,12,SANTOSH KUMAR NAYAK,Independent,1551,3
Jharkhand,GOMIA,13,NOTA,None of the Above,2771,10
Jharkhand,BERMO,1,KUMAR JAIMANGAL (ANUP SINGH),Indian National Congress,88786,1460
Jharkhand,BERMO,2,JAGDISH KEWAT,Bahujan Samaj Party,660,10
Jharkhand,BERMO,3,RAVINDRA KUMAR PANDEY,Bharatiya Janata Party,57556,796
Jharkhand,BERMO,4,JAIRAM KUMAR MAHATO,Jharkhand Loktantrik Krantikari Morcha,59689,1182
Jharkhand,BERMO,5,MANZOOR ALAM,Aazad Samaj Party (Kanshi Ram),1507,15
Jharkhand,BERMO,6,MOHAN LAL SAW,Lokhit Adhikar Party,156,3
Jharkhand,BERMO,7,UMA SHANKAR SHASTRI (RANJEET),Independent,216,2
Jharkhand,BERMO,8,GHANSHYAM MISHRA,Independent,181,0
Jharkhand,BERMO,9,TIRTH NATH AKASH,Independent,361,5
Jharkhand,BERMO,10,MANTOSH SOREN,Independent,216,1
Jharkhand,BERMO,11,MOHAMMAD BELAL HASMI,Independent,612,9
Jharkhand,BERMO,12,RUPLAL THAKUR,Independent,1853,10
Jharkhand,BERMO,13,LALIT NARAYAN,Independent,5293,27
Jharkhand,BERMO,14,SANTOSH KUMAR MAHTO,Independent,658,11
Jharkhand,BERMO,15,NOTA,None of the Above,2433,10
Jharkhand,BOKARO,1,BIRANCHI NARAYAN,Bharatiya Janata Party,124147,2084
Jharkhand,BOKARO,2,RAJESH KUMAR,Bahujan Samaj Party,2774,43
Jharkhand,BOKARO,3,SHWETTAA SINGH,Indian National Congress,130920,2518
Jharkhand,BOKARO,4,TAPAN KUMAR,Peoples Party of India (Democratic),1206,6
Jharkhand,BOKARO,5,NIWARAN DIGAR,All India Forward Bloc,317,2
Jharkhand,BOKARO,6,MANOJ KUMAR MAHLI,Johaar Party,767,12
Jharkhand,BOKARO,7,YASHBIR SINGH,Nationalist Congress Party,1040,5
Jharkhand,BOKARO,8,RAMESH CHANDRA MAHATO,Socialist Unity Centre Of India (COMMUNIST),1566,6
Jharkhand,BOKARO,9,SAROJ KUMARI,Jharkhand Loktantrik Krantikari Morcha,38895,726
Jharkhand,BOKARO,10,MD. SULTAN,Lokhit Adhikar Party,453,4
Jharkhand,BOKARO,11,IMAM SAFI,Independent,423,9
Jharkhand,BOKARO,12,MASHKOOR ALAM SIDDIQUI,Independent,665,3
Jharkhand,BOKARO,13,SAMEER KUMAR DAS,Independent,1799,6
Jharkhand,BOKARO,14,SUBHASH CHAKRABORTY,Independent,1046,1
Jharkhand,BOKARO,15,NOTA,None of the Above,3681,49
Jharkhand,CHANDANKIYARI,1,AMAR KUMAR BAURI,Bharatiya Janata Party,55621,470
Jharkhand,CHANDANKIYARI,2,UMA KANT RAJAK,Jharkhand Mukti Morcha,89153,874
Jharkhand,CHANDANKIYARI,3,ARJUN RAJWAR,Jharkhand Loktantrik Krantikari Morcha,55727,567
Jharkhand,CHANDANKIYARI,4,PRAKASH DAS,Peoples Party of India (Democratic),850,7
Jharkhand,CHANDANKIYARI,5,RAJU RAJWAR,Socialist Unity Centre Of India (COMMUNIST),891,6
Jharkhand,CHANDANKIYARI,6,KHUSHBOO KUMARI,Independent,530,4
Jharkhand,CHANDANKIYARI,7,JAGANNATH RAJWAR,Independent,1604,1
Jharkhand,CHANDANKIYARI,8,MAMTA KHETRAPAL,Independent,1807,2
Jharkhand,CHANDANKIYARI,9,NOTA,None of the Above,3387,12
Jharkhand,SINDRI,1,TARA DEVI,Bharatiya Janata Party,100827,861
Jharkhand,SINDRI,2,BABULAL RABIDAS,Bahujan Samaj Party,1637,33
Jharkhand,SINDRI,3,AZAD KUMAR HANSDA,Sampoorna Bharat Kranti Party,1675,15
Jharkhand,SINDRI,4,USHA DEVI,Jharkhand Loktantrik Krantikari Morcha,42137,527
Jharkhand,SINDRI,5,CHANDRADEO MAHATO,Communist Party of India (Marxist-Leninist) (Liberation),104298,838
Jharkhand,SINDRI,6,MOBIN ANSARI,Nationalist Congress Party,3789,31
Jharkhand,SINDRI,7,SHANKAR MAHTO,Lokhit Adhikar Party,1484,8
Jharkhand,SINDRI,8,HIRALAL SANKHAWAR,All India Forward Bloc,736,1
Jharkhand,SINDRI,9,ANWARUL HAQUE ANSARI,Independent,928,1
Jharkhand,SINDRI,10,NOTA,None of the Above,5360,16
Jharkhand,NIRSA,1,APARNA SENGUPTA,Bharatiya Janata Party,102642,405
Jharkhand,NIRSA,2,RANJEET BAURI,Bahujan Samaj Party,3678,20
Jharkhand,NIRSA,3,ARUP CHATTERJEE,Communist Party of India (Marxist-Leninist) (Liberation),104324,531
Jharkhand,NIRSA,4,ASHOK KUMAR MONDAL,Jharkhand Loktantrik Krantikari Morcha,16236,80
Jharkhand,NIRSA,5,UMESH GOSWAMI,Nationalist Congress Party,745,6
Jharkhand,NIRSA,6,BUDHAY MURMU,Peoples Party of India (Democratic),867,5
Jharkhand,NIRSA,7,MD ISLAM ANSARI,Independent,1192,4
Jharkhand,NIRSA,8,PRADEEP KUMAR MANDAL,Independent,3177,1
Jharkhand,NIRSA,9,MALOO ROHIDAS,Independent,1088,0
Jharkhand,NIRSA,10,NOTA,None of the Above,4724,10
Jharkhand,DHANBAD,1,AJAY KUMAR DUBEY,Indian National Congress,86526,1069
Jharkhand,DHANBAD,2,ANABARI KHATOON,Bahujan Samaj Party,1227,21
Jharkhand,DHANBAD,3,RAJ SINHA,Bharatiya Janata Party,134722,1614
Jharkhand,DHANBAD,4,KRISHNA CHANDRA SINGH RAJ,Samata Party,1045,4
Jharkhand,DHANBAD,5,GUDDU KUMAR DHARI,Peoples Party of India (Democratic),802,8
Jharkhand,DHANBAD,6,MD. MURTUZA ALAM,Lokhit Adhikar Party,453,0
Jharkhand,DHANBAD,7,SATYENDRA KUMAR MAHTO,Nationalist Congress Party,273,5
Jharkhand,DHANBAD,8,SAPAN KUMAR MODAK,Jharkhand Loktantrik Krantikari Morcha,16469,195
Jharkhand,DHANBAD,9,AKHILESHWER MAHATO @ ARJUN MAHTO,Independent,388,5
Jharkhand,DHANBAD,10,UMESH PASWAN,Independent,236,3
Jharkhand,DHANBAD,11,KUNAL KUMAR,Independent,421,6
Jharkhand,DHANBAD,12,KUMAR KAUSHAL,Independent,1098,12
Jharkhand,DHANBAD,13,KAILASH KUMAR BAURI,Independent,578,6
Jharkhand,DHANBAD,14,JANAK SAH GOND,Independent,967,4
Jharkhand,DHANBAD,15,RAM BINAY SINGH,Independent,479,0
Jharkhand,DHANBAD,16,RUBINA NAZ,Independent,1477,0
Jharkhand,DHANBAD,17,LAKSHMI DEVI,Independent,857,3
Jharkhand,DHANBAD,18,VISHAL BALMIKI,Independent,248,4
Jharkhand,DHANBAD,19,NOTA,None of the Above,1705,30
Jharkhand,JHARIA,1,PURNIMA NIRAJ SINGH,Indian National Congress,72835,546
Jharkhand,JHARIA,2,RAGINI SINGH,Bharatiya Janata Party,87368,524
Jharkhand,JHARIA,3,ANIL BAURI,Socialist Unity Centre Of India (COMMUNIST),541,4
Jharkhand,JHARIA,4,MD. ZAHIRUDDIN KHAN,Rashtriya Jankranti Morcha,126,0
Jharkhand,JHARIA,5,MD. RUSTAM ANSARI,Jharkhand Loktantrik Krantikari Morcha,5023,37
Jharkhand,JHARIA,6,INDRAJEET SINGH,Independent,91,1
Jharkhand,JHARIA,7,LUKMAN ANSARI,Independent,94,1
Jharkhand,JHARIA,8,SAHJADI KHATOON,Independent,161,1
Jharkhand,JHARIA,9,SUNIL KUMAR GUPTA,Independent,159,4
Jharkhand,JHARIA,10,SURAJ SINGH,Independent,224,0
Jharkhand,JHARIA,11,SONU KUMAR BALMIKI,Independent,1106,4
Jharkhand,JHARIA,12,NOTA,None of the Above,1888,20
Jharkhand,TUNDI,1,MATHURA PRASAD MAHATO,Jharkhand Mukti Morcha,94690,837
Jharkhand,TUNDI,2,MOTI LAL KISKU,Bahujan Samaj Party,1075,9
Jharkhand,TUNDI,3,VIKASH KUMAR MAHATO,Bharatiya Janata Party,69449,475
Jharkhand,TUNDI,4,AJMUL ANSARI,Samajwadi Party,2195,10
Jharkhand,TUNDI,5,KANCHAN DEVI,Purvanchal Mahapanchayat,276,2
Jharkhand,TUNDI,6,KALAWATI DEVI,Rashtriya Jankranti Morcha,266,1
Jharkhand,TUNDI,7,DEVILAL KISKU,Jharkhand Mukti Morcha (Ulgulan),635,2
Jharkhand,TUNDI,8,BANI DEVI,All India Forward Bloc,1304,9
Jharkhand,TUNDI,9,MAHESH CHANDRA DAS,Peoples Party of India (Democratic),702,5
Jharkhand,TUNDI,10,MOTILAL MAHTO,Jharkhand Loktantrik Krantikari Morcha,44006,458
Jharkhand,TUNDI,11,ARUN SOREN,Independent,470,1
Jharkhand,TUNDI,12,KAMAL PRASAD,Independent,608,0
Jharkhand,TUNDI,13,KHIRODHAR MANDAL,Independent,774,6
Jharkhand,TUNDI,14,GANESH MANDAL,Independent,1604,0
Jharkhand,TUNDI,15,GAUTAM MANDAL,Independent,804,1
Jharkhand,TUNDI,16,GAURI SHANKAR MAHTO,Independent,3073,0
Jharkhand,TUNDI,17,DIPNARAYAN SINGH,Independent,3163,12
Jharkhand,TUNDI,18,PAPPU KUMAR NISHAD,Independent,963,6
Jharkhand,TUNDI,19,PRIYATOSH KUMAR PATHAK,Independent,2507,39
Jharkhand,TUNDI,20,RAJESH KUMAR PANDEY,Independent,263,1
Jharkhand,TUNDI,21,NOTA,None of the Above,669,13
Jharkhand,BAGHMARA,1,JALESHWAR MAHATO,Indian National Congress,68347,500
Jharkhand,BAGHMARA,2,SHATRUGHAN MAHTO,Bharatiya Janata Party,86824,705
Jharkhand,BAGHMARA,3,DEEPAK KUMAR RAWANI,Jharkhand Loktantrik Krantikari Morcha,15555,141
Jharkhand,BAGHMARA,4,RAJESH KUMAR,Sampoorna Bharat Kranti Party,308,2
Jharkhand,BAGHMARA,5,RAJESH KUMAR SWARNKAR,All India Forward Bloc,277,0
Jharkhand,BAGHMARA,6,SHARAN SINGH,Ambedkar National Congress,169,3
Jharkhand,BAGHMARA,7,SURAJ MAHATO,Samajwadi Party,2555,17
Jharkhand,BAGHMARA,8,AINUL ANSARI,Independent,202,0
Jharkhand,BAGHMARA,9,TULSI MAHTO,Independent,201,1
Jharkhand,BAGHMARA,10,NIJAM ANSARI,Independent,308,0
Jharkhand,BAGHMARA,11,PINTU KUMAR GUPTA,Independent,667,2
Jharkhand,BAGHMARA,12,ROHIT YADAV,Independent,18212,102
Jharkhand,BAGHMARA,13,VISHAL BALMIKI,Independent,1571,1
Jharkhand,BAGHMARA,14,NOTA,None of the Above,2946,7
Jharkhand,BAHARAGORA,1,DINESHANANDA GOSWAMI,Bharatiya Janata Party,78207,0
Jharkhand,BAHARAGORA,2,SANAT KUMAR MAHATO,Bahujan Samaj Party,889,0
Jharkhand,BAHARAGORA,3,SAMIR KUMAR MOHANTY,Jharkhand Mukti Morcha,95834,0
Jharkhand,BAHARAGORA,4,SWAPAN KUMAR MAHATO,Communist Party of India (Marxist),4509,0
Jharkhand,BAHARAGORA,5,ARJUN KUMAR TUDU,Bharat Adivasi Party,430,0
Jharkhand,BAHARAGORA,6,AMAR KUMAR BHAKAT,Bhagidari Party(P),181,0
Jharkhand,BAHARAGORA,7,ASHOK MAHATO,Nationalist Congress Party,206,0
Jharkhand,BAHARAGORA,8,HAR PRASAD SINGH SOLANKI,Socialist Unity Centre Of India (COMMUNIST),204,0
Jharkhand,BAHARAGORA,9,KABITA SHAW,Independent,443,0
Jharkhand,BAHARAGORA,10,DURGA PADA GHOSH,Independent,267,0
Jharkhand,BAHARAGORA,11,PHANI BHUSHAN MAHATO,Independent,1610,0
Jharkhand,BAHARAGORA,12,RANJIT CHATIAL,Independent,901,0
Jharkhand,BAHARAGORA,13,RAM MURMU,Independent,2641,0
Jharkhand,BAHARAGORA,14,SURAJ GOPE,Independent,821,0
Jharkhand,BAHARAGORA,15,NOTA,None of the Above,2472,0
Jharkhand,GHATSILA,1,BABU LAL SOREN,Bharatiya Janata Party,75287,0
Jharkhand,GHATSILA,2,RAM DAS SOREN,Jharkhand Mukti Morcha,97261,0
Jharkhand,GHATSILA,3,INDRAJIT MURMU,Bharat Adivasi Party,1020,0
Jharkhand,GHATSILA,4,DIKU BESRA,Socialist Unity Centre Of India (COMMUNIST),577,0
Jharkhand,GHATSILA,5,PARWATI HANSDA,Peoples Party of India (Democratic),364,0
Jharkhand,GHATSILA,6,MANOJ MARDI,Ambedkarite Party of India,445,0
Jharkhand,GHATSILA,7,RAMDAS MURMU,Jharkhand Loktantrik Krantikari Morcha,8017,0
Jharkhand,GHATSILA,8,SURYA SINGH BESRA,Jharkhand People's Party,513,0
Jharkhand,GHATSILA,9,PANCHANAN SOREN,Independent,339,0
Jharkhand,GHATSILA,10,BIKRAM KISKU,Independent,424,0
Jharkhand,GHATSILA,11,RAMDEV HEMBROM,Independent,740,0
Jharkhand,GHATSILA,12,SUNIL KUMAR MURMU,Independent,1268,0
Jharkhand,GHATSILA,13,NOTA,None of the Above,2854,0
Jharkhand,POTKA,1,MEERA MUNDA,Bharatiya Janata Party,91749,671
Jharkhand,POTKA,2,SANJIB SARDAR,Jharkhand Mukti Morcha,118842,1480
Jharkhand,POTKA,3,BIJAN SARDAR,Socialist Unity Centre Of India (COMMUNIST),1317,3
Jharkhand,POTKA,4,BHAGIRATHI HANSDA,Jharkhand Loktantrik Krantikari Morcha,5650,73
Jharkhand,POTKA,5,MAHEEN SARDAR,Bharat Adivasi Party,620,10
Jharkhand,POTKA,6,RAM CHANDRA TUDU,Right to Recall Party,272,2
Jharkhand,POTKA,7,SALMA HANSDAH,Jharkhand People's Party,305,3
Jharkhand,POTKA,8,SURDHU MAJHI,Ambedkarite Party of India,506,0
Jharkhand,POTKA,9,KANDOMANI BHUMIJ,Independent,284,0
Jharkhand,POTKA,10,CHANDRAY MAHALI,Independent,300,5
Jharkhand,POTKA,11,DHANANJOY SINGH,Independent,246,3
Jharkhand,POTKA,12,MAHENDRA MURMU,Independent,608,4
Jharkhand,POTKA,13,LAVE KUMAR SARDAR,Independent,992,6
Jharkhand,POTKA,14,SIRMA DEWGAM,Independent,1039,1
Jharkhand,POTKA,15,SUNITA MURMU,Independent,2173,7
Jharkhand,POTKA,16,SUBODH SINGH SARDAR,Independent,2402,3
Jharkhand,POTKA,17,NOTA,None of the Above,1930,22
Jharkhand,JUGSALAI,1,MANGAL KALINDI,Jharkhand Mukti Morcha,120230,0
Jharkhand,JUGSALAI,2,RAM CHANDRA SAHIS,AJSU Party,77105,0
Jharkhand,JUGSALAI,3,KARTIK MUKHI,Bharat Adivasi Party,1207,0
Jharkhand,JUGSALAI,4,CHANDAN BHUIYAN,Akhil Bhartiya Jharkhand Party,664,0
Jharkhand,JUGSALAI,5,BINOD SWANSI,Jharkhand Loktantrik Krantikari Morcha,36698,0
Jharkhand,JUGSALAI,6,SRISHTI BHUNIYA,Nationalist Congress Party,492,0
Jharkhand,JUGSALAI,7,JUGAL KISHORE MUKHI,Independent,740,0
Jharkhand,JUGSALAI,8,DUKHU MACHHUA,Independent,934,0
Jharkhand,JUGSALAI,9,BIPLAV BHUIYAN,Independent,2063,0
Jharkhand,JUGSALAI,10,MANOJ KARUA,Independent,902,0
Jharkhand,JUGSALAI,11,MOHAN LAL RAJAK,Independent,1408,0
Jharkhand,JUGSALAI,12,VIMAL KISHOR BAITHA,Independent,2604,0
Jharkhand,JUGSALAI,13,NOTA,None of the Above,4018,0
Jharkhand,JAMSHEDPUR EAST,1,AJOY KUMAR,Indian National Congress,62938,1382
Jharkhand,JAMSHEDPUR EAST,2,ANAND KUMAR PATRALEKH,Bahujan Samaj Party,441,4
Jharkhand,JAMSHEDPUR EAST,3,PURNIMA SAHU,Bharatiya Janata Party,106398,793
Jharkhand,JAMSHEDPUR EAST,4,INDAL KUMAR SINGH,Peoples Party of India (Democratic),504,3
Jharkhand,JAMSHEDPUR EAST,5,KRISHNA HANSDA,Bharat Adivasi Party,160,8
Jharkhand,JAMSHEDPUR EAST,6,TARUN KUMAR DEY,Jharkhand Loktantrik Krantikari Morcha,1859,50
Jharkhand,JAMSHEDPUR EAST,7,PAWAN KUMAR PANDEY,Nationalist Congress Party,115,0
Jharkhand,JAMSHEDPUR EAST,8,MADHAVENDRA MEHTA,Jharkhand People's Party,103,0
Jharkhand,JAMSHEDPUR EAST,9,SURJEET SINGH,Right to Recall Party,376,5
Jharkhand,JAMSHEDPUR EAST,10,ABHISHEK KUMAR,Independent,224,1
Jharkhand,JAMSHEDPUR EAST,11,KANCHAN SINGH,Independent,203,3
Jharkhand,JAMSHEDPUR EAST,12,KRISHNA LOHAR,Independent,254,1
Jharkhand,JAMSHEDPUR EAST,13,GOPAL LOHAR,Independent,323,2
Jharkhand,JAMSHEDPUR EAST,14,DINKAR KACHHAP,Independent,821,5
Jharkhand,JAMSHEDPUR EAST,15,DHARMENDRA KUMAR SINGH,Independent,217,0
Jharkhand,JAMSHEDPUR EAST,16,BABLU KHUNTIA,Independent,735,0
Jharkhand,JAMSHEDPUR EAST,17,RABINDER SINGH,Independent,436,1
Jharkhand,JAMSHEDPUR EAST,18,RAJ KUMAR SINGH,Independent,853,12
Jharkhand,JAMSHEDPUR EAST,19,ROSHAN SUNDI,Independent,350,3
Jharkhand,JAMSHEDPUR EAST,20,SHIV SHANKAR SINGH,Independent,15346,125
Jharkhand,JAMSHEDPUR EAST,21,SHUBHAM SINHA,Independent,129,4
Jharkhand,JAMSHEDPUR EAST,22,SAGAR KUMAR TIWARY,Independent,186,2
Jharkhand,JAMSHEDPUR EAST,23,SUGRIV MUKHI,Independent,240,0
Jharkhand,JAMSHEDPUR EAST,24,SAURAV VISHNU,Independent,220,2
Jharkhand,JAMSHEDPUR EAST,25,NOTA,None of the Above,1225,34
Jharkhand,JAMSHEDPUR WEST,1,BANNA GUPTA,Indian National Congress,55257,0
Jharkhand,JAMSHEDPUR WEST,2,BRINDABAN DAS,Bahujan Samaj Party,565,0
Jharkhand,JAMSHEDPUR WEST,3,AJIT KUMAR YADAV,Samajwadi Party,436,0
Jharkhand,JAMSHEDPUR WEST,4,ASHOK KUMAR,Peoples Party of India (Democratic),343,0
Jharkhand,JAMSHEDPUR WEST,5,MD QUASHIF RAZA SIDDIQUE,Aazad Samaj Party (Kanshi Ram),717,0
Jharkhand,JAMSHEDPUR WEST,6,PYARE LAL SAHU,Lokhit Adhikar Party,381,0
Jharkhand,JAMSHEDPUR WEST,7,MAHESH KUMAR,Right to Recall Party,181,0
Jharkhand,JAMSHEDPUR WEST,8,RANJEET DAS,Aadarsh Sangram Party,148,0
Jharkhand,JAMSHEDPUR WEST,9,RAM BACHAN,Bhartiya Azad Sena,151,0
Jharkhand,JAMSHEDPUR WEST,10,RASHID HUSSAIN,All India Majlis-E-Ittehadul Muslimeen,1614,0
Jharkhand,JAMSHEDPUR WEST,11,BIPIN KUMAR SINGH,Socialist Unity Centre Of India (COMMUNIST),449,0
Jharkhand,JAMSHEDPUR WEST,12,SARYU ROY,Janata Dal (United),97190,0
Jharkhand,JAMSHEDPUR WEST,13,SAURABH KUMAR OJHA,Nationalist Congress Party,227,0
Jharkhand,JAMSHEDPUR WEST,14,ANNI AMRITA,Independent,370,0
Jharkhand,JAMSHEDPUR WEST,15,DR. UMESH KUMAR,Independent,322,0
Jharkhand,JAMSHEDPUR WEST,16,OM PRAKASH ANAND,Independent,670,0
Jharkhand,JAMSHEDPUR WEST,17,CHANDAN PRASAD,Independent,729,0
Jharkhand,JAMSHEDPUR WEST,18,G. JAYRAMDAS,Independent,196,0
Jharkhand,JAMSHEDPUR WEST,19,JITENDRA SINGH,Independent,182,0
Jharkhand,JAMSHEDPUR WEST,20,PRABHAT KUMAR SINGH,Independent,225,0
Jharkhand,JAMSHEDPUR WEST,21,MRITUNJAY KUMAR,Independent,395,0
Jharkhand,JAMSHEDPUR WEST,22,VIKAS SINGH,Independent,1961,0
Jharkhand,JAMSHEDPUR WEST,23,VIJAY PRASAD TIWARY,Independent,194,0
Jharkhand,JAMSHEDPUR WEST,24,SHAMBHU NATH CHOUDHARY,Independent,2082,0
Jharkhand,JAMSHEDPUR WEST,25,SANTOSH KUMAR RAY,Independent,1157,0
Jharkhand,JAMSHEDPUR WEST,26,SANTOSHI BAI,Independent,384,0
Jharkhand,JAMSHEDPUR WEST,27,SARYU DUSADH,Independent,547,0
Jharkhand,JAMSHEDPUR WEST,28,SAROJINI SHAH,Independent,416,0
Jharkhand,JAMSHEDPUR WEST,29,NOTA,None of the Above,1336,0
Jharkhand,ICHAGARH,1,KALYAN CHANDRA SINGH,Bahujan Samaj Party,1059,0
Jharkhand,ICHAGARH,2,SABITA MAHATO,Jharkhand Mukti Morcha,57125,0
Jharkhand,ICHAGARH,3,HARE LAL MAHATO,AJSU Party,45070,0
Jharkhand,ICHAGARH,4,TARUN MAHATO,Jharkhand Loktantrik Krantikari Morcha,38974,0
Jharkhand,ICHAGARH,5,PRITHIVI NATH MAHATO,Right to Recall Party,656,0
Jharkhand,ICHAGARH,6,PRAVESH KUMAR,Sampoorna Bharat Kranti Party,452,0
Jharkhand,ICHAGARH,7,BIRENDRA NATH MANJHI,Abua Jharkhand Party,628,0
Jharkhand,ICHAGARH,8,RAMHARI GOPE,Ambedkarite Party of India,492,0
Jharkhand,ICHAGARH,9,RIZWAN,Nationalist Congress Party,724,0
Jharkhand,ICHAGARH,10,SHYAM BIHARI PRAJAPATI,Bhagidari Party(P),660,0
Jharkhand,ICHAGARH,11,SUDHAKAR SINGH,Bharat Adivasi Party,984,0
Jharkhand,ICHAGARH,12,AJMAL BALKHI,Independent,1129,0
Jharkhand,ICHAGARH,13,ANUP KUMAR MAHATO,Independent,2167,0
Jharkhand,ICHAGARH,14,ARVIND KUMAR SINGH,Independent,18590,0
Jharkhand,ICHAGARH,15,ASHUTOSH MAHATO,Independent,2147,0
Jharkhand,ICHAGARH,16,ASHUDEV MAHATO,Independent,1995,0
Jharkhand,ICHAGARH,17,MD QAIYUM KHAN,Independent,555,0
Jharkhand,ICHAGARH,18,KHAGEN MAHTO,Independent,2102,0
Jharkhand,ICHAGARH,19,TULSI DAS MAHATO,Independent,915,0
Jharkhand,ICHAGARH,20,BRIHASPATI SINGH SARDAR,Independent,659,0
Jharkhand,ICHAGARH,21,MANU DUTTA,Independent,522,0
Jharkhand,ICHAGARH,22,SHAMBHU GORAI,Independent,737,0
Jharkhand,ICHAGARH,23,SUKHRAM HEMBRAM,Independent,14917,0
Jharkhand,ICHAGARH,24,NOTA,None of the Above,1211,0
Jharkhand,SERAIKELLA,1,GANESH MAHALI,Jharkhand Mukti Morcha,97891,1041
Jharkhand,SERAIKELLA,2,CHAMPAI SOREN,Bharatiya Janata Party,118201,1178
Jharkhand,SERAIKELLA,3,RAVINDRA ORAON,Bahujan Samaj Party,746,3
Jharkhand,SERAIKELLA,4,JONATHAN MARDI,Peoples Party of India (Democratic),367,6
Jharkhand,SERAIKELLA,5,PARWATI KISKU,Bhartiya Azad Sena,345,5
Jharkhand,SERAIKELLA,6,PREM MARDI,Jharkhand Loktantrik Krantikari Morcha,39576,480
Jharkhand,SERAIKELLA,7,RATNA PURTI,Socialist Unity Centre Of India (COMMUNIST),1372,2
Jharkhand,SERAIKELLA,8,BISHWA VIJAY MARDI,Ambedkarite Party of India,531,1
Jharkhand,SERAIKELLA,9,CHAMRU MURMU,Independent,696,7
Jharkhand,SERAIKELLA,10,JAWAHAR LAL MAHALI,Independent,473,0
Jharkhand,SERAIKELLA,11,SANGRAM MARDI,Independent,737,3
Jharkhand,SERAIKELLA,12,SUNIL GAGRAI,Independent,958,1
Jharkhand,SERAIKELLA,13,HARI ORAON,Independent,1551,1
Jharkhand,SERAIKELLA,14,NOTA,None of the Above,3452,30
Jharkhand,CHAIBASA,1,GEETA BALMUCHU,Bharatiya Janata Party,41880,652
Jharkhand,CHAIBASA,2,TURI SUNDI,Bahujan Samaj Party,937,10
Jharkhand,CHAIBASA,3,DEEPAK BIRUA,Jharkhand Mukti Morcha,105878,1489
Jharkhand,CHAIBASA,4,KOMAL NIMA SOREN,Nationalist Congress Party,1630,3
Jharkhand,CHAIBASA,5,COLOMBUS HASDA,Jharkhand Party,1436,12
Jharkhand,CHAIBASA,6,DHATU HEMBRAM,Peoples Party of India (Democratic),210,1
Jharkhand,CHAIBASA,7,BIR SINGH HEMBROM,Right to Recall Party,292,4
Jharkhand,CHAIBASA,8,MANGAL SINGH SUNDI,Ambedkarite Party of India,393,3
Jharkhand,CHAIBASA,9,SUBHADRA SINKU,Lokhit Adhikar Party,309,4
Jharkhand,CHAIBASA,10,SURESH CHANDRA SOY,Bharat Adivasi Party,550,12
Jharkhand,CHAIBASA,11,KRISHAN SOY,Independent,1098,24
Jharkhand,CHAIBASA,12,MAHESH BIRUA,Independent,848,2
Jharkhand,CHAIBASA,13,RAMESH BALMUCHU,Independent,4129,15
Jharkhand,CHAIBASA,14,SANJAY DEOGAM,Independent,1121,1
Jharkhand,CHAIBASA,15,NOTA,None of the Above,2501,27
Jharkhand,MAJHGAON,1,NIRAL PURTY,Jharkhand Mukti Morcha,93538,625
Jharkhand,MAJHGAON,2,BARKUWAR GAGRAI,Bharatiya Janata Party,34348,212
Jharkhand,MAJHGAON,3,BAHALEN CHAMPIA,Bharat Adivasi Party,1124,9
Jharkhand,MAJHGAON,4,JOGESH KALUNDIA,Ambedkarite Party of India,462,1
Jharkhand,MAJHGAON,5,SUKHDEO BIRULY,Right to Recall Party,569,2
Jharkhand,MAJHGAON,6,CHARAN CHATTAR,Independent,390,32
Jharkhand,MAJHGAON,7,DAVID SINGH KALUNDIA,Independent,277,2
Jharkhand,MAJHGAON,8,PRAKASH CHANDRA LAGURI,Independent,423,11
Jharkhand,MAJHGAON,9,PREM PRAKASH BIRUA,Independent,485,3
Jharkhand,MAJHGAON,10,BIRSA BOIPAI,Independent,643,1
Jharkhand,MAJHGAON,11,MADHAV CHANDRA KUNKAL,Independent,16026,113
Jharkhand,MAJHGAON,12,SAROTI DEOGAM,Independent,1397,1
Jharkhand,MAJHGAON,13,NOTA,None of the Above,3765,5
Jharkhand,JAGANATHPUR,1,GEETA KORA,Bharatiya Janata Party,49244,438
Jharkhand,JAGANATHPUR,2,SONA RAM SINKU,Indian National Congress,56682,383
Jharkhand,JAGANATHPUR,3,LAXMI NARAYAN GAGRAI,Jharkhand Party,2335,7
Jharkhand,JAGANATHPUR,4,LAKSHMI NARAYAN LAGURI,Jharkhand Loktantrik Krantikari Morcha,3849,51
Jharkhand,JAGANATHPUR,5,KUSUM KERAI,Independent,671,3
Jharkhand,JAGANATHPUR,6,JWALA KORAH,Independent,1831,4
Jharkhand,JAGANATHPUR,7,MANGAL SINGH BOBONGA,Independent,12462,97
Jharkhand,JAGANATHPUR,8,MANSINGH TIRIYA,Independent,6302,14
Jharkhand,JAGANATHPUR,9,NOTA,None of the Above,5172,11
Jharkhand,MANOHARPUR,1,JAGAT MAJHI,Jharkhand Mukti Morcha,72569,465
Jharkhand,MANOHARPUR,2,DINESH CHANDRA BOIPAI,AJSU Party,40745,333
Jharkhand,MANOHARPUR,3,PARDESHI LAL MUNDA,Bahujan Samaj Party,721,2
Jharkhand,MANOHARPUR,4,DILBAR KHAKHA,Jharkhand Loktantrik Krantikari Morcha,6811,116
Jharkhand,MANOHARPUR,5,MAHENDER JAMUDA,Jharkhand Party,1841,15
Jharkhand,MANOHARPUR,6,SABAN HEMBROM,Nationalist Congress Party,3160,33
Jharkhand,MANOHARPUR,7,SUSHIL BARLA,Bharat Adivasi Party,1591,10
Jharkhand,MANOHARPUR,8,PATOR JONKO,Independent,2191,19
Jharkhand,MANOHARPUR,9,PREMSINGH HEMBROM,Independent,797,4
Jharkhand,MANOHARPUR,10,BISHRAM MUNDA,Independent,804,0
Jharkhand,MANOHARPUR,11,RAMESHWAR TAISUM,Independent,854,3
Jharkhand,MANOHARPUR,12,SHIUKAR PURTY,Independent,3303,3
Jharkhand,MANOHARPUR,13,NOTA,None of the Above,5339,8
Jharkhand,CHAKRADHARPUR,1,SHASHIBHUSHAN SAMAD,Bharatiya Janata Party,48890,439
Jharkhand,CHAKRADHARPUR,2,SUKHRAM ORAON,Jharkhand Mukti Morcha,58193,446
Jharkhand,CHAKRADHARPUR,3,BASANTI PURTY,Jharkhand Loktantrik Krantikari Morcha,7809,124
Jharkhand,CHAKRADHARPUR,4,MANGAL SARDAR,Jharkhand Party,477,2
Jharkhand,CHAKRADHARPUR,5,SUKHLAL SAMAD,Ambedkarite Party of India,445,3
Jharkhand,CHAKRADHARPUR,6,DAMAYANTI NAG,Independent,1590,4
Jharkhand,CHAKRADHARPUR,7,DURGA CHARAN SUREN,Independent,295,1
Jharkhand,CHAKRADHARPUR,8,MAYA TUDU,Independent,225,1
Jharkhand,CHAKRADHARPUR,9,RANJEET BODRA,Independent,349,2
Jharkhand,CHAKRADHARPUR,10,RAMAI BANRA,Independent,433,0
Jharkhand,CHAKRADHARPUR,11,LAXMI HASDA,Independent,965,5
Jharkhand,CHAKRADHARPUR,12,VIJAY SINGH GAGRAI,Independent,19997,151
Jharkhand,CHAKRADHARPUR,13,NOTA,None of the Above,3436,8
Jharkhand,KHARSAWAN,1,DASHRATH GAGRAI,Jharkhand Mukti Morcha,84572,1200
Jharkhand,KHARSAWAN,2,SONARAM BODRA,Bharatiya Janata Party,52554,603
Jharkhand,KHARSAWAN,3,PANDU RAM HAIBURU,Jharkhand Loktantrik Krantikari Morcha,33325,516
Jharkhand,KHARSAWAN,4,SIDHARTH HONHAGA,Jharkhand Party,995,22
Jharkhand,KHARSAWAN,5,JOGINDER HEMBROM,Independent,230,0
Jharkhand,KHARSAWAN,6,DIGAM SARDAR,Independent,642,4
Jharkhand,KHARSAWAN,7,PREM KANDEYANG,Independent,359,0
Jharkhand,KHARSAWAN,8,BIRSA SOY,Independent,654,7
Jharkhand,KHARSAWAN,9,SANJAY JARIKA,Independent,1179,3
Jharkhand,KHARSAWAN,10,HIRALAL HEMBROM,Independent,1349,1
Jharkhand,KHARSAWAN,11,NOTA,None of the Above,3343,13
Jharkhand,TAMAR,1,VIKAS KUMAR MUNDA,Jharkhand Mukti Morcha,65059,596
Jharkhand,TAMAR,2,SURESH MUNDA,Communist Party of India (Marxist),5020,10
Jharkhand,TAMAR,3,UDARKANT SINH MUNDA,Hamar Raj Party,1180,1
Jharkhand,TAMAR,4,GOPAL KRISHNA PATAR,Janata Dal (United),41132,277
Jharkhand,TAMAR,5,DAMAYANTI MUNDA,Jharkhand Loktantrik Krantikari Morcha,26118,444
Jharkhand,TAMAR,6,PREM SHANKAR SHAHI MUNDA,Bharat Adivasi Party,3876,39
Jharkhand,TAMAR,7,RAJ KUMAR MUNDA,Jharkhand Party,493,3
Jharkhand,TAMAR,8,LAKHINDRA MUNDA,Nationalist Congress Party,539,15
Jharkhand,TAMAR,9,GUNJAL IKIR MUNDA,Independent,1337,15
Jharkhand,TAMAR,10,GURUWA MUNDA,Independent,493,0
Jharkhand,TAMAR,11,JEHLA TUTI,Independent,601,1
Jharkhand,TAMAR,12,DEONANDAN SINGH MUNDA,Independent,1575,3
Jharkhand,TAMAR,13,PARMESHWARI SANDIL,Independent,1912,2
Jharkhand,TAMAR,14,BIT SINGH MUNDA,Independent,821,0
Jharkhand,TAMAR,15,RABINDRA NATH MUNDA,Independent,1226,1
Jharkhand,TAMAR,16,SACHIN PATAR,Independent,3984,1
Jharkhand,TAMAR,17,SINGRAI TUTI,Independent,4786,15
Jharkhand,TAMAR,18,HARADHAN SINGH MUNDA,Independent,454,0
Jharkhand,TAMAR,19,NOTA,None of the Above,968,4
Jharkhand,TORPA,1,KOCHE MUNDA,Bharatiya Janata Party,39826,414
Jharkhand,TORPA,2,SAVITRI DEVI,Bahujan Samaj Party,1269,9
Jharkhand,TORPA,3,SUDEEP GUDHIYA,Jharkhand Mukti Morcha,79718,1169
Jharkhand,TORPA,4,KULAN PATRAS AIND,Jharkhand Party,1195,7
Jharkhand,TORPA,5,RILAN EMAN HORO,Abua Jharkhand Party,322,2
Jharkhand,TORPA,6,WILSON BHENGRA,Jharkhand Loktantrik Krantikari Morcha,2772,60
Jharkhand,TORPA,7,SAMROM GURIA,Ambedkarite Party of India,303,3
Jharkhand,TORPA,8,ANITA SURIN,Independent,927,13
Jharkhand,TORPA,9,PUNEET HEMROM,Independent,549,4
Jharkhand,TORPA,10,BINOD KUMAR BARAIK,Independent,594,1
Jharkhand,TORPA,11,BRAJENDRA HEMROM,Independent,2353,3
Jharkhand,TORPA,12,SHIVRAJ BARAIK,Independent,788,7
Jharkhand,TORPA,13,NOTA,None of the Above,3040,6
Jharkhand,KHUNTI,1,ALOK RITESH DUNGDUNG,Bahujan Samaj Party,2062,23
Jharkhand,KHUNTI,2,NILKANTH SINGH MUNDA,Bharatiya Janata Party,48881,787
Jharkhand,KHUNTI,3,RAM SURYA MUNDA,Jharkhand Mukti Morcha,90498,1223
Jharkhand,KHUNTI,4,BI ANIL KUMAR,Jharkhand Loktantrik Krantikari Morcha,3777,88
Jharkhand,KHUNTI,5,MASIH CHARAN MUNDA,Bharat Adivasi Party,1074,56
Jharkhand,KHUNTI,6,SAMUEL PURTY,Ambedkarite Party of India,587,6
Jharkhand,KHUNTI,7,SOMA MUNDA,Abua Jharkhand Party,779,16
Jharkhand,KHUNTI,8,CHAMPA HERENJ,Independent,462,3
Jharkhand,KHUNTI,9,DURGAWATI OREYA,Independent,1920,27
Jharkhand,KHUNTI,10,PASTAR SANJAY KUMAR TIRKEY,Independent,2054,3
Jharkhand,KHUNTI,11,VISHWAKARMA ORAON,Independent,1961,8
Jharkhand,KHUNTI,12,NOTA,None of the Above,3523,24
Jharkhand,SILLI,1,AJIT KUMAR,Bahujan Samaj Party,891,0
Jharkhand,SILLI,2,AMIT KUMAR,Jharkhand Mukti Morcha,72741,0
Jharkhand,SILLI,3,SUDESH KUMAR MAHTO,AJSU Party,48862,0
Jharkhand,SILLI,4,ANIL KUMAR MAHTO,Peoples Party of India (Democratic),755,0
Jharkhand,SILLI,5,ANIL SINGH MUNDA,Bharat Adivasi Party,1118,0
Jharkhand,SILLI,6,DEVENDRA NATH MAHTO,Jharkhand Loktantrik Krantikari Morcha,41129,0
Jharkhand,SILLI,7,RABINDRA LAL YADAV,Jharkhand Party,558,0
Jharkhand,SILLI,8,RAMESHWAR MAHTO,Jharkhand Mukti Morcha (Ulgulan),211,0
Jharkhand,SILLI,9,DR. AMIT KUMAR,Independent,346,0
Jharkhand,SILLI,10,DHANPATI MAHTO,Independent,435,0
Jharkhand,SILLI,11,PANKAJ MAHTO,Independent,735,0
Jharkhand,SILLI,12,MANORANJAN BHATTACHARYA,Independent,347,0
Jharkhand,SILLI,13,RAJESHWAR MAHTO,Independent,564,0
Jharkhand,SILLI,14,VIKAS SINGH MUNDA,Independent,1446,0
Jharkhand,SILLI,15,HEMANTI DEVI,Independent,1620,0
Jharkhand,SILLI,16,NOTA,None of the Above,1308,0
Jharkhand,KHIJRI,1,BAJRANG LOHRA,Bahujan Samaj Party,1263,0
Jharkhand,KHIJRI,2,RAJESH KACHHAP,Indian National Congress,122834,0
Jharkhand,KHIJRI,3,RAM KUMAR PAHAN,Bharatiya Janata Party,94274,0
Jharkhand,KHIJRI,4,AJAY KACHHAP,Bharat Adivasi Party,1791,0
Jharkhand,KHIJRI,5,PRITAM SAAD LOHRA,Republican Party of India (A),390,0
Jharkhand,KHIJRI,6,BHUNESHWAR LOHRA,Lok Jan Vikas Morcha,267,0
Jharkhand,KHIJRI,7,BISHWANATH TIRKEY,Rashtriya Deshaj Party,350,0
Jharkhand,KHIJRI,8,SAMUNDAR PAHAN,Jharkhand Loktantrik Krantikari Morcha,26827,0
Jharkhand,KHIJRI,9,SURAJ KACHHAP,Ambedkarite Party of India,995,0
Jharkhand,KHIJRI,10,ANURAG KUJUR,Independent,704,0
Jharkhand,KHIJRI,11,JAGAN ORAON,Independent,724,0
Jharkhand,KHIJRI,12,JITENDER ORAON,Independent,485,0
Jharkhand,KHIJRI,13,BIPIN TOPPO,Independent,1978,0
Jharkhand,KHIJRI,14,BIRSA ORAON,Independent,1376,0
Jharkhand,KHIJRI,15,BIRISH MINZ,Independent,1682,0
Jharkhand,KHIJRI,16,MANOJ TOPPO,Independent,1582,0
Jharkhand,KHIJRI,17,YOGENDRA BHAGAT,Independent,344,0
Jharkhand,KHIJRI,18,RAJ KACHHAP,Independent,1256,0
Jharkhand,KHIJRI,19,RAMAVTAR KERKETTA,Independent,894,0
Jharkhand,KHIJRI,20,SUSHMA DEVI,Independent,247,0
Jharkhand,KHIJRI,21,NOTA,None of the Above,844,0
Jharkhand,RANCHI,1,ABHAY PRATAP SINGH,Bahujan Samaj Party,487,5
Jharkhand,RANCHI,2,CHANDRESHWAR PRASAD SINGH,Bharatiya Janata Party,106578,712
Jharkhand,RANCHI,3,MAHUA MAJI,Jharkhand Mukti Morcha,84501,840
Jharkhand,RANCHI,4,KUMAR ABHISHEK DUBEY,Rashtriya Jaihind Party,432,2
Jharkhand,RANCHI,5,GAUTAM RAM,Peoples Party of India (Democratic),155,0
Jharkhand,RANCHI,6,MAHTAB ALAM,All India Majlis-E-Ittehadul Muslimeen,933,1
Jharkhand,RANCHI,7,RAJ KISHOR MAHTO,Jharkhand Loktantrik Krantikari Morcha,493,7
Jharkhand,RANCHI,8,SUJIT KUMAR BARNWAL,Right to Recall Party,75,0
Jharkhand,RANCHI,9,ALOK KUMAR,Independent,101,1
Jharkhand,RANCHI,10,AYUSH RANJAN,Independent,120,0
Jharkhand,RANCHI,11,IMTESHAM ALI,Independent,107,0
Jharkhand,RANCHI,12,UTTAM YADAV,Independent,767,9
Jharkhand,RANCHI,13,NAVINDRA KUMAR BHARTI,Independent,138,2
Jharkhand,RANCHI,14,PAWAN KUMAR CHOUDHARY,Independent,631,0
Jharkhand,RANCHI,15,PRIYANKA KUMARI,Independent,247,0
Jharkhand,RANCHI,16,RANI KUMARI,Independent,401,1
Jharkhand,RANCHI,17,VIVEK KRISHNA,Independent,158,1
Jharkhand,RANCHI,18,SAMIR KUMAR SINGH,Independent,222,0
Jharkhand,RANCHI,19,NOTA,None of the Above,886,14
Jharkhand,HATIA,1,AJAY NATH SHAHDEO,Indian National Congress,126991,0
Jharkhand,HATIA,2,NAVIN JAISWAL,Bharatiya Janata Party,142623,0
Jharkhand,HATIA,3,AMRENDRA KUMAR,Jharkhand Jan Kranti Morcha,645,0
Jharkhand,HATIA,4,AYUB ALI,Jharkhand Loktantrik Krantikari Morcha,1054,0
Jharkhand,HATIA,5,ADARSH KUMAR,Nationalist Congress Party,195,0
Jharkhand,HATIA,6,KUNDARSI MUNDA,Bharat Adivasi Party,448,0
Jharkhand,HATIA,7,KUSHWAHA VIJAY KUMAR MAHTO,Johaar Party,522,0
Jharkhand,HATIA,8,JOYTI BALA DEVI,Rashtriya Jaihind Party,147,0
Jharkhand,HATIA,9,DIWASHANKAR PASWAN,Peoples Party of India (Democratic),173,0
Jharkhand,HATIA,10,"DHANANJAY BHAGAT ""GANDHI""",Mera Adhikaar Rashtriya Dal,139,0
Jharkhand,HATIA,11,NIPU SINGH,Rashtriya Suraksha Party,213,0
Jharkhand,HATIA,12,RAJENDRA PRASAD SAHU,Sadan Vikas Party,212,0
Jharkhand,HATIA,13,VIJAY SINGH,Sampoorna Bharat Kranti Party,280,0
Jharkhand,HATIA,14,VIVEK TRIPATHI,Swatantra Rashtravadi Party,331,0
Jharkhand,HATIA,15,SURESH TOPPO,Ambedkarite Party of India,1068,0
Jharkhand,HATIA,16,SOMA SINGH,Jai Maha Bharath Party,1363,0
Jharkhand,HATIA,17,HAJARI PRASAD SAHU,Lokhit Adhikar Party,1086,0
Jharkhand,HATIA,18,ABHISHEK KUMAR SRIVASTAVA,Independent,644,0
Jharkhand,HATIA,19,ALBIN LAKRA,Independent,1263,0
Jharkhand,HATIA,20,OMSHANKAR GUPTA,Independent,193,0
Jharkhand,HATIA,21,AINUL ANSARI,Independent,135,0
Jharkhand,HATIA,22,GAURAV PRIYADARSHI,Independent,101,0
Jharkhand,HATIA,23,DIWAKAR PRASAD SAHU,Independent,83,0
Jharkhand,HATIA,24,NAGMA RANI,Independent,182,0
Jharkhand,HATIA,25,BISHU TIRKEY,Independent,247,0
Jharkhand,HATIA,26,BHARAT KANSHI,Independent,6439,0
Jharkhand,HATIA,27,YADRAM SAHU,Independent,250,0
Jharkhand,HATIA,28,NOTA,None of the Above,1247,0
Jharkhand,KANKE,1,DR. JITU CHARAN RAM,Bharatiya Janata Party,131147,1384
Jharkhand,KANKE,2,SURESH KUMAR BAITHA,Indian National Congress,131611,1888
Jharkhand,KANKE,3,AJIT KU RAVI,Right to Recall Party,1197,7
Jharkhand,KANKE,4,ANIL KUMAR PASWAN,Jharkhand Party,660,22
Jharkhand,KANKE,5,PHULESHWAR BAITHA,Jharkhand Loktantrik Krantikari Morcha,25646,319
Jharkhand,KANKE,6,MADHUSUDAN KUMAR,Aazad Samaj Party (Kanshi Ram),688,6
Jharkhand,KANKE,7,MUKUL NAYAK,Lokhit Adhikar Party,484,6
Jharkhand,KANKE,8,RAJAN NAYAK,Peoples Party of India (Democratic),477,3
Jharkhand,KANKE,9,SANTOSH KUMAR RAJAK,Communist Party of India,3140,17
Jharkhand,KANKE,10,SURENDRA MIRDHA ALIAS SUREN KUMAR KALINDI,Samajwadi Party,941,4
Jharkhand,KANKE,11,ASHOK KUMAR NAG,Independent,863,7
Jharkhand,KANKE,12,DEEPSHIKHA KUMARI,Independent,1431,21
Jharkhand,KANKE,13,SEEMA RAY,Independent,1532,4
Jharkhand,KANKE,14,NOTA,None of the Above,3543,45
Jharkhand,MANDAR,1,KEERTI SINGH MUNDA,Communist Party of India (Marxist),2793,0
Jharkhand,MANDAR,2,SHILPI NEHA TIRKEY,Indian National Congress,133568,0
Jharkhand,MANDAR,3,SUNNY TOPPO,Bharatiya Janata Party,111433,0
Jharkhand,MANDAR,4,SUKHMANI TIGGA,Bahujan Samaj Party,1458,0
Jharkhand,MANDAR,5,KANTA KHALKHO,Ambedkarite Party of India,1431,0
Jharkhand,MANDAR,6,GUNA BHAGAT,Jharkhand Loktantrik Krantikari Morcha,3021,0
Jharkhand,MANDAR,7,JAGRE ORAON,Bharat Adivasi Party,7011,0
Jharkhand,MANDAR,8,BIMLA LOHA,Bhagidari Party(P),338,0
Jharkhand,MANDAR,9,SANJAY MAHLI,Peoples Party of India (Democratic),517,0
Jharkhand,MANDAR,10,DR. PARMESHWAR BHAGAT,Independent,942,0
Jharkhand,MANDAR,11,BINODIT TIGGA,Independent,500,0
Jharkhand,MANDAR,12,BISHRAM ORAON,Independent,441,0
Jharkhand,MANDAR,13,RAMLAKHAN MAHLI,Independent,762,0
Jharkhand,MANDAR,14,REKHA DEVI,Independent,2465,0
Jharkhand,MANDAR,15,VIKASH JYOTI ORAON,Independent,1942,0
Jharkhand,MANDAR,16,SHIV ORAON,Independent,1664,0
Jharkhand,MANDAR,17,SUSHIL KUJUR,Independent,544,0
Jharkhand,MANDAR,18,NOTA,None of the Above,2026,0
Jharkhand,SISAI,1,ARUN KUMAR ORAON,Bharatiya Janata Party,66262,0
Jharkhand,SISAI,2,JIGA SUSARAN HORO,Jharkhand Mukti Morcha,104825,0
Jharkhand,SISAI,3,BANDE KUMAR TIRKEY,Bahujan Samaj Party,1536,0
Jharkhand,SISAI,4,MADUA KACHHAP,Communist Party of India (Marxist),3983,0
Jharkhand,SISAI,5,CHANDRAKISHOR ORAON,Peoples Party of India (Democratic),447,0
Jharkhand,SISAI,6,DEBID SUNIL KUMAR MINJ,Jharkhand Party,403,0
Jharkhand,SISAI,7,SHYAM SUNDAR BADAIK,Bhagidari Party(P),208,0
Jharkhand,SISAI,8,SUSHIL TOPNO,Jharkhand Loktantrik Krantikari Morcha,1377,0
Jharkhand,SISAI,9,ARBIND KUJUR,Independent,402,0
Jharkhand,SISAI,10,JENGA ORAON,Independent,1515,0
Jharkhand,SISAI,11,RAJESH LINDA,Independent,268,0
Jharkhand,SISAI,12,RAIMON BAA,Independent,395,0
Jharkhand,SISAI,13,LOHOR MAIN ORAON,Independent,749,0
Jharkhand,SISAI,14,SANJAY BARLA,Independent,1653,0
Jharkhand,SISAI,15,SUJIT TETE,Independent,3088,0
Jharkhand,SISAI,16,NOTA,None of the Above,3192,0
Jharkhand,GUMLA,1,BHUSHAN TIRKEY,Jharkhand Mukti Morcha,83242,1732
Jharkhand,GUMLA,2,SUDARSHAN BHAGAT,Bharatiya Janata Party,57996,677
Jharkhand,GUMLA,3,KULDEEP MINZ,Peoples Party of India (Democratic),990,10
Jharkhand,GUMLA,4,NISHA KUMARI BHAGAT,Jharkhand Loktantrik Krantikari Morcha,1480,55
Jharkhand,GUMLA,5,MANGAL INDWAR,Republican Party of India (A),262,1
Jharkhand,GUMLA,6,CHANDER TOPPO,Independent,527,2
Jharkhand,GUMLA,7,CHAPA ORAON,Independent,272,3
Jharkhand,GUMLA,8,DHARMA MUNDA,Independent,288,2
Jharkhand,GUMLA,9,PRADEEP ORAON,Independent,220,3
Jharkhand,GUMLA,10,BONIFACE KUJUR,Independent,610,6
Jharkhand,GUMLA,11,MAHESHWAR BAIGA,Independent,333,3
Jharkhand,GUMLA,12,MISHIR KUJUR,Independent,9701,172
Jharkhand,GUMLA,13,ROSE MADHU TIRKEY,Independent,608,4
Jharkhand,GUMLA,14,BINAY BHUSHAN TOPPO,Independent,881,23
Jharkhand,GUMLA,15,SUDHIRAM KISAN,Independent,1455,0
Jharkhand,GUMLA,16,NOTA,None of the Above,3293,15
Jharkhand,BISHUNPUR,1,CHAMRA LINDA,Jharkhand Mukti Morcha,99382,954
Jharkhand,BISHUNPUR,2,SAMIR ORAON,Bharatiya Janata Party,66909,671
Jharkhand,BISHUNPUR,3,GOVARDHAN BARAIK,Jharkhand People's Party,1365,1
Jharkhand,BISHUNPUR,4,BHUSHAN CHIK BARAIK,Bharat Adivasi Party,746,11
Jharkhand,BISHUNPUR,5,MAHENDRA ORAON,Communist Party of India,1735,6
Jharkhand,BISHUNPUR,6,YASHODA DEVI,Jharkhand Loktantrik Krantikari Morcha,2390,59
Jharkhand,BISHUNPUR,7,SANJAY KUMAR BHAGAT,Lokhit Adhikar Party,634,10
Jharkhand,BISHUNPUR,8,JAGARNATH ORAON,Independent,10695,204
Jharkhand,BISHUNPUR,9,NARAYAN ORAON,Independent,669,4
Jharkhand,BISHUNPUR,10,BUDDHIMAN ORAON,Independent,452,6
Jharkhand,BISHUNPUR,11,BHUPENDRA NATH RAM,Independent,534,4
Jharkhand,BISHUNPUR,12,MAHATMA ORAON,Independent,1602,17
Jharkhand,BISHUNPUR,13,ROJLIN TIRKEY,Independent,1418,2
Jharkhand,BISHUNPUR,14,SHIV KUMAR BHAGAT,Independent,5404,69
Jharkhand,BISHUNPUR,15,NOTA,None of the Above,6175,12
Jharkhand,SIMDEGA,1,ANUJ KUNDESHWAR RAM,Bahujan Samaj Party,1471,0
Jharkhand,SIMDEGA,2,BHUSHAN BARA,Indian National Congress,69763,0
Jharkhand,SIMDEGA,3,SHRADHANAND BESRA,Bharatiya Janata Party,60156,0
Jharkhand,SIMDEGA,4,IREEN EKKA,Jharkhand Party,14898,0
Jharkhand,SIMDEGA,5,PRAPHUL CHANDRA BESRA,Gondvana Gantantra Party,598,0
Jharkhand,SIMDEGA,6,SHISHIR TOPPO,Bharat Adivasi Party,392,0
Jharkhand,SIMDEGA,7,SUMAN KULLU,Jharkhand Loktantrik Krantikari Morcha,1679,0
Jharkhand,SIMDEGA,8,ARUN BRIJESH BARAIK,Independent,173,0
Jharkhand,SIMDEGA,9,NIRAJ LOHRA,Independent,221,0
Jharkhand,SIMDEGA,10,BASANT KUMAR DUNGDUNG,Independent,262,0
Jharkhand,SIMDEGA,11,MONIKA MINZ,Independent,402,0
Jharkhand,SIMDEGA,12,BINOD KERKETTA,Independent,1012,0
Jharkhand,SIMDEGA,13,SHANTI BALA KERKETTA,Independent,1830,0
Jharkhand,SIMDEGA,14,SUSHIL LAKRA,Independent,1840,0
Jharkhand,SIMDEGA,15,NOTA,None of the Above,1708,0
Jharkhand,KOLEBIRA,1,NAMAN BIXAL KONGARI,Indian National Congress,74403,973
Jharkhand,KOLEBIRA,2,SUJAN JOJO,Bharatiya Janata Party,37985,360
Jharkhand,KOLEBIRA,3,AHLAD KERKETTA,Bharat Adivasi Party,646,4
Jharkhand,KOLEBIRA,4,NIROJ MANGHI,Gondvana Gantantra Party,375,1
Jharkhand,KOLEBIRA,5,PUNIT KUMAR,Jharkhand Loktantrik Krantikari Morcha,866,26
Jharkhand,KOLEBIRA,6,BERONIKA TIRKEY,Peoples Party of India (Democratic),363,7
Jharkhand,KOLEBIRA,7,VIBHAV SANDESH EKKA,Jharkhand Party,18708,170
Jharkhand,KOLEBIRA,8,VISHRAM BAGE,Abua Jharkhand Party,496,5
Jharkhand,KOLEBIRA,9,SIBLAN HEMROM,Akhil Bhartiya Jharkhand Party,296,2
Jharkhand,KOLEBIRA,10,AMRIT XAVIER SORENG,Independent,803,17
Jharkhand,KOLEBIRA,11,ARVIND KUMAR SORENG,Independent,388,8
Jharkhand,KOLEBIRA,12,JAYANTI DEVI,Independent,383,6
Jharkhand,KOLEBIRA,13,PYARA MUNDU,Independent,310,0
Jharkhand,KOLEBIRA,14,FRANK NOLENI SAMAD,Independent,488,1
Jharkhand,KOLEBIRA,15,BERNARD KANDULNA,Independent,1320,1
Jharkhand,KOLEBIRA,16,RICHARD TIRKEY,Independent,3331,2
Jharkhand,KOLEBIRA,17,ROSALIA SHANTA KANDULNA,Independent,1565,5
Jharkhand,KOLEBIRA,18,ROSE PRATIMA SORENG,Independent,538,0
Jharkhand,KOLEBIRA,19,NOTA,None of the Above,494,5
Jharkhand,LOHARDAGA,1,NERU SHANTI BHAGAT,AJSU Party,77523,1314
Jharkhand,LOHARDAGA,2,YASHPAL BHAGAT,Bahujan Samaj Party,1338,16
Jharkhand,LOHARDAGA,3,RAMESHWAR ORAON,Indian National Congress,111592,1915
Jharkhand,LOHARDAGA,4,ANIL KUMAR BHAGAT,Jharkhand People's Party,1442,11
Jharkhand,LOHARDAGA,5,AVDHESH ORAON,Bharat Adivasi Party,3105,54
Jharkhand,LOHARDAGA,6,KISHOR ORAON,Jharkhand Loktantrik Krantikari Morcha,1240,60
Jharkhand,LOHARDAGA,7,PAWAN TIGGA,Lokhit Adhikar Party,757,10
Jharkhand,LOHARDAGA,8,BIHARI BHAGAT,Peoples Party of India (Democratic),697,7
Jharkhand,LOHARDAGA,9,RAJPATI DEVI,Bharatiya Jan Jagriti Party,538,9
Jharkhand,LOHARDAGA,10,BIRENDRA ORAON,Independent,781,16
Jharkhand,LOHARDAGA,11,BRIJ MOHAN ORAON,Independent,441,7
Jharkhand,LOHARDAGA,12,RAMESH ORAON,Independent,643,13
Jharkhand,LOHARDAGA,13,RAJESH LOHRA,Independent,961,7
Jharkhand,LOHARDAGA,14,RAMESHWAR LOHRA,Independent,3983,27
Jharkhand,LOHARDAGA,15,SANTOSH BHAGAT,Independent,745,2
Jharkhand,LOHARDAGA,16,SANIYA ORAON,Independent,2601,1
Jharkhand,LOHARDAGA,17,SOMA ORAON,Independent,1167,9
Jharkhand,LOHARDAGA,18,NOTA,None of the Above,867,41
Jharkhand,MANIKA,1,RAMCHANDRA SINGH,Indian National Congress,73273,1210
Jharkhand,MANIKA,2,HARIKRISHNA SINGH,Bharatiya Janata Party,57062,592
Jharkhand,MANIKA,3,ATUL KUMAR SINGH,"Hindustani Awam Manch (United),",2797,13
Jharkhand,MANIKA,4,BALWANT SINGH,Jharkhand Loktantrik Krantikari Morcha,3491,77
Jharkhand,MANIKA,5,RAGHUPAL SINGH,Samajwadi Party,8139,137
Jharkhand,MANIKA,6,PRABHUDAS MINJ,Independent,903,8
Jharkhand,MANIKA,7,BIJAY SINGH,Independent,1046,5
Jharkhand,MANIKA,8,MUNESHWAR ORAON,Independent,18352,384
Jharkhand,MANIKA,9,RAKESH KUMAR SINGH,Independent,2720,4
Jharkhand,MANIKA,10,NOTA,None of the Above,4974,8
Jharkhand,LATEHAR,1,PRAKASH KUMAR RAVI,Bahujan Samaj Party,2636,42
Jharkhand,LATEHAR,2,PRAKASH RAM,Bharatiya Janata Party,96438,1624
Jharkhand,LATEHAR,3,BAIDYANATH RAM,Jharkhand Mukti Morcha,95686,1942
Jharkhand,LATEHAR,4,BRAHAMDEV RAM,Ambedkarite Party of India,2381,5
Jharkhand,LATEHAR,5,LALSU RAM,Bharat Adivasi Party,1320,3
Jharkhand,LATEHAR,6,SHIVNATH RAJAK,Nationalist Congress Party,473,10
Jharkhand,LATEHAR,7,SANTOSH KUMAR PASWAN,Jharkhand Loktantrik Krantikari Morcha,4098,197
Jharkhand,LATEHAR,8,BIRENDRA KUMAR,Independent,713,5
Jharkhand,LATEHAR,9,RAVI KUMAR PASWAN,Independent,938,4
Jharkhand,LATEHAR,10,RAKESH PASWAN,Independent,3744,1
Jharkhand,LATEHAR,11,SHRAWAN PASWAN,Independent,2422,4
Jharkhand,LATEHAR,12,NOTA,None of the Above,4493,25
Jharkhand,PANKI,1,KUSHWAHA SHASHI BHUSHAN MEHTA,Bharatiya Janata Party,75235,756
Jharkhand,PANKI,2,JITENDRA KUMAR,Bahujan Samaj Party,2668,34
Jharkhand,PANKI,3,LAL SURAJ,Indian National Congress,27092,354
Jharkhand,PANKI,4,ONKAR NATH,Jharkhand Loktantrik Krantikari Morcha,1353,13
Jharkhand,PANKI,5,MUMTAJ AHMAD KHAN,Aazad Samaj Party (Kanshi Ram),22798,192
Jharkhand,PANKI,6,DEVENDRA KUMAR SINGH,Independent,65384,811
Jharkhand,PANKI,7,NAGENDRA KUMAR,Independent,2141,3
Jharkhand,PANKI,8,NITESH KUMAR,Independent,643,1
Jharkhand,PANKI,9,PANKAJ KUMAR JAISWAL,Independent,796,1
Jharkhand,PANKI,10,BINOD KUMAR,Independent,6097,24
Jharkhand,PANKI,11,RITESH KUMAR GUPTA,Independent,2188,1
Jharkhand,PANKI,12,VACHAN SINGH,Independent,854,0
Jharkhand,PANKI,13,VINAY SINGH,Independent,1504,2
Jharkhand,PANKI,14,SUMIT KUMAR YADAV,Independent,1058,4
Jharkhand,PANKI,15,NOTA,None of the Above,3909,12
Jharkhand,DALTONGANJ,1,ASHOK PRASAD,Bahujan Samaj Party,1875,27
Jharkhand,DALTONGANJ,2,ALOK KUMAR CHAURASIYA,Bharatiya Janata Party,101010,1165
Jharkhand,DALTONGANJ,3,KRISHNA NAND TRIPATHI,Indian National Congress,99419,1866
Jharkhand,DALTONGANJ,4,AJAY KUMAR SINGH,Aazad Samaj Party (Kanshi Ram),13343,206
Jharkhand,DALTONGANJ,5,AZIMUDDIN MIYAN,"Hindustani Awam Manch (United),",696,3
Jharkhand,DALTONGANJ,6,ANIKET,Jharkhand Loktantrik Krantikari Morcha,2390,39
Jharkhand,DALTONGANJ,7,INDU DEVI,Sampoorna Bharat Kranti Party,453,1
Jharkhand,DALTONGANJ,8,JAGANNATH PRASAD SINGH,Nationalist Congress Party,447,4
Jharkhand,DALTONGANJ,9,BHUPENDRA CHAUDHARI,Peoples Party of India (Democratic),786,4
Jharkhand,DALTONGANJ,10,MUKESH KUMAR PRJAPATI,Lokhit Adhikar Party,636,7
Jharkhand,DALTONGANJ,11,RUCHIR KUMAR TIWARI,Communist Party of India,4826,15
Jharkhand,DALTONGANJ,12,SUNIL PRAJAPATI,Bhagidari Party(P),1064,3
Jharkhand,DALTONGANJ,13,OM PRAKASH GUPTA,Independent,1647,3
Jharkhand,DALTONGANJ,14,CHANARDHAN SINGH,Independent,3157,2
Jharkhand,DALTONGANJ,15,DILIP SINGH NAMDHARI,Independent,20858,374
Jharkhand,DALTONGANJ,16,PANKAJA RAM,Independent,2156,5
Jharkhand,DALTONGANJ,17,MAHESH SAV,Independent,659,3
Jharkhand,DALTONGANJ,18,MUNNA KUMAR,Independent,969,2
Jharkhand,DALTONGANJ,19,LALAN CHOUDHARY,Independent,1393,3
Jharkhand,DALTONGANJ,20,LALAN RAM,Independent,717,2
Jharkhand,DALTONGANJ,21,VISHWAS SINGH,Independent,1031,1
Jharkhand,DALTONGANJ,22,SHYAM BIHARI RAY,Independent,787,2
Jharkhand,DALTONGANJ,23,SHRIRAM SINGH,Independent,584,2
Jharkhand,DALTONGANJ,24,NOTA,None of the Above,1195,19
Jharkhand,BISHRAMPUR,1,NARESH PRASAD SINGH,Rashtriya Janata Dal,73417,921
Jharkhand,BISHRAMPUR,2,RAJESH MEHTA,Bahujan Samaj Party,23852,420
Jharkhand,BISHRAMPUR,3,RAMCHANDRA CHANDRAVANSHI,Bharatiya Janata Party,58962,789
Jharkhand,BISHRAMPUR,4,SUDHIR KUMAR,Indian National Congress,2596,83
Jharkhand,BISHRAMPUR,5,ANJU SINGH,Samajwadi Party,21619,189
Jharkhand,BISHRAMPUR,6,MANOJ KUMAR RAVI,Peoples Party of India (Democratic),784,16
Jharkhand,BISHRAMPUR,7,VINEET KUMAR,"Hindustani Awam Manch (United),",750,9
Jharkhand,BISHRAMPUR,8,SIRAJUDDIN KHAN,Aazad Samaj Party (Kanshi Ram),5260,58
Jharkhand,BISHRAMPUR,9,SUDIPTA KUMAR SHARMA,Jagrook Janta Party,1187,4
Jharkhand,BISHRAMPUR,10,ANIL MISTRI,Independent,834,5
Jharkhand,BISHRAMPUR,11,JAGRITI,Independent,17563,446
Jharkhand,BISHRAMPUR,12,PUSHP RANJAN,Independent,3558,40
Jharkhand,BISHRAMPUR,13,BRAHMDEO PRASAD,Independent,4927,19
Jharkhand,BISHRAMPUR,14,MASROOR AHMAD KHAN,Independent,3190,0
Jharkhand,BISHRAMPUR,15,MAHABIR SINGH CHANDRAVANSHI,Independent,1793,1
Jharkhand,BISHRAMPUR,16,RAJIV RANJAN PANDEY,Independent,4178,1
Jharkhand,BISHRAMPUR,17,LAKSHMAN SINGH,Independent,1496,0
Jharkhand,BISHRAMPUR,18,NOTA,None of the Above,878,14
Jharkhand,CHHATARPUR,1,CHANCHALA DEVI,Bahujan Samaj Party,3994,64
Jharkhand,CHHATARPUR,2,PUSHPA DEVI,Bharatiya Janata Party,70408,713
Jharkhand,CHHATARPUR,3,RADHA KRISHANA KISHORE,Indian National Congress,71131,726
Jharkhand,CHHATARPUR,4,VIJAY KUMAR,Rashtriya Janata Dal,20664,299
Jharkhand,CHHATARPUR,5,AWDHESH RAM,Lokhit Adhikar Party,1039,15
Jharkhand,CHHATARPUR,6,KANHAI RAM,"Hindustani Awam Manch (United),",588,3
Jharkhand,CHHATARPUR,7,PRITY RAJ,Jharkhand Loktantrik Krantikari Morcha,1033,32
Jharkhand,CHHATARPUR,8,MAMTA BHUIYAN,Samajwadi Party,4548,46
Jharkhand,CHHATARPUR,9,ANIL MANJHI,Independent,847,5
Jharkhand,CHHATARPUR,10,KAMESHWAR PASAWAN,Independent,903,1
Jharkhand,CHHATARPUR,11,CHANDRAMA KUMARI,Independent,3403,5
Jharkhand,CHHATARPUR,12,RAJESH ROSHAN,Independent,2442,2
Jharkhand,CHHATARPUR,13,LAXMI RAVI,Independent,4630,19
Jharkhand,CHHATARPUR,14,SANDEEP KUMAR,Independent,6131,28
Jharkhand,CHHATARPUR,15,NOTA,None of the Above,3016,10
Jharkhand,HUSSAINABAD,1,KAMLESH KUMAR SINGH,Bharatiya Janata Party,46553,559
Jharkhand,HUSSAINABAD,2,KUSHWAHA SHIVPUJAN MEHTA,Bahujan Samaj Party,24248,275
Jharkhand,HUSSAINABAD,3,SANJAY KUMAR SINGH YADAV,Rashtriya Janata Dal,80634,842
Jharkhand,HUSSAINABAD,4,ASHOK KUMAR MEHTA,Rashtriya Samanta Dal,1251,4
Jharkhand,HUSSAINABAD,5,KAMLESH KUMAR YADAV,Samajwadi Party,1666,16
Jharkhand,HUSSAINABAD,6,PRABHA DEVI,Aazad Samaj Party (Kanshi Ram),1927,18
Jharkhand,HUSSAINABAD,7,AMARJIT KUMAR,Independent,761,5
Jharkhand,HUSSAINABAD,8,AWADHESH SINGH,Independent,357,3
Jharkhand,HUSSAINABAD,9,UMASHANKER SHARMA,Independent,737,1
Jharkhand,HUSSAINABAD,10,OM PRAKASH KUMAR,Independent,1056,5
Jharkhand,HUSSAINABAD,11,GAUTAM KUMAR,Independent,501,2
Jharkhand,HUSSAINABAD,12,NARESH KUMAR PASWAN,Independent,437,2
Jharkhand,HUSSAINABAD,13,BABLOO KUMAR,Independent,857,3
Jharkhand,HUSSAINABAD,14,MANOJ MEHTA,Independent,2781,3
Jharkhand,HUSSAINABAD,15,MUKESH CHOUDHARY,Independent,1304,2
Jharkhand,HUSSAINABAD,16,RAJENDRA YADAV,Independent,2164,1
Jharkhand,HUSSAINABAD,17,VINOD KUMAR SINGH,Independent,17810,267
Jharkhand,HUSSAINABAD,18,COLONEL SANJAY KUMAR SINGH,Independent,5251,88
Jharkhand,HUSSAINABAD,19,NOTA,None of the Above,1685,3
Jharkhand,GARHWA,1,AJAY KUMAR CHOUDHARY,Bahujan Samaj Party,7621,101
Jharkhand,GARHWA,2,MITHILESH KUMAR THAKUR,Jharkhand Mukti Morcha,114589,1767
Jharkhand,GARHWA,3,SATYENDRA NATH TIWARI,Bharatiya Janata Party,131361,1748
Jharkhand,GARHWA,4,GIRINATH SINGH,Samajwadi Party,7957,139
Jharkhand,GARHWA,5,MD NAJIBUDDIN KHAN,All India Majlis-E-Ittehadul Muslimeen,2883,31
Jharkhand,GARHWA,6,MANDIP MALLAH,Jharkhand Party,904,5
Jharkhand,GARHWA,7,LAW KUMAR SINGH,Aazad Samaj Party (Kanshi Ram),3139,63
Jharkhand,GARHWA,8,SUKHLAL BAKHLA,Peoples Party of India (Democratic),405,9
Jharkhand,GARHWA,9,SONU KUMAR YADAV,Jharkhand Loktantrik Krantikari Morcha,330,19
Jharkhand,GARHWA,10,GIRIJA NANDAN URAON,Independent,526,1
Jharkhand,GARHWA,11,GORAKH NATH MAHTO,Independent,416,0
Jharkhand,GARHWA,12,DILIP KUMAR TIWARI,Independent,1006,1
Jharkhand,GARHWA,13,PRAMESH KUMAR,Independent,1337,0
Jharkhand,GARHWA,14,RABINDRA KUMAR SINGH,Independent,4502,0
Jharkhand,GARHWA,15,RAM PAYARE PAL,Independent,4091,1
Jharkhand,GARHWA,16,LOKNATH KUMAR,Independent,2148,0
Jharkhand,GARHWA,17,SATISH KUMAR CHAUBEY,Independent,766,2
Jharkhand,GARHWA,18,SATYENDRA TIWARI,Independent,1873,2
Jharkhand,GARHWA,19,SUJAUDDIN ANSARI,Independent,1960,0
Jharkhand,GARHWA,20,HARISH PRASAD SINGH,Independent,569,0
Jharkhand,GARHWA,21,NOTA,None of the Above,922,15
Jharkhand,BHAWANATHPUR,1,ANANT PRATAP DEO,Jharkhand Mukti Morcha,144837,1428
Jharkhand,BHAWANATHPUR,2,PANKAJ KUMAR,Bahujan Samaj Party,3708,36
Jharkhand,BHAWANATHPUR,3,BHANU PRATAP SHAHI,Bharatiya Janata Party,123702,1101
Jharkhand,BHAWANATHPUR,4,AJAY KUMAR SINGH,Socialist Unity Centre Of India (COMMUNIST),1990,1
Jharkhand,BHAWANATHPUR,5,ADITYA KUMAR GUPTA,All India Forward Bloc,567,3
Jharkhand,BHAWANATHPUR,6,UMENDRA KUMAR YADAV,Samajwadi Party,497,11
Jharkhand,BHAWANATHPUR,7,GHAN SHYAM PATHAK,Communist Party of India,1810,2
Jharkhand,BHAWANATHPUR,8,JAYRAM PASWAN,Lokhit Adhikar Party,750,3
Jharkhand,BHAWANATHPUR,9,NANDLAL RAM,Peoples Party of India (Democratic),800,6
Jharkhand,BHAWANATHPUR,10,RAUSHAN KUMAR,Aazad Samaj Party (Kanshi Ram),666,6
Jharkhand,BHAWANATHPUR,11,DEVENDRA KUMAR PRAJAPATI,Independent,601,3
Jharkhand,BHAWANATHPUR,12,BARUN BIHARI,Independent,695,3
Jharkhand,BHAWANATHPUR,13,YUSUF ANSARI,Independent,1452,0
Jharkhand,BHAWANATHPUR,14,RAJESH BAITHA,Independent,5087,0
Jharkhand,BHAWANATHPUR,15,RAM NARESH YADAV,Independent,1820,7
Jharkhand,BHAWANATHPUR,16,RAHUL PRASAD GUPTA,Independent,5946,0
Jharkhand,BHAWANATHPUR,17,BISHESWAR MEHTA,Independent,2859,2
Jharkhand,BHAWANATHPUR,18,NOTA,None of the Above,1234,10
