election_year,election_type,election_state,constituency,serial_no,candidate,party,evm_votes,postal_votes
2024,AC,HR,KALKA,1,OM PARKASH GUJJAR,Aam Aadmi Party,854,4
2024,AC,HR,KALKA,2,CHARAN SINGH,Bahujan Samaj Party,1368,6
2024,AC,HR,KALKA,3,PARDEEP CHAUDHARY,Indian National Congress,49544,185
2024,AC,HR,KALKA,4,SHAKTI RANI SHARMA,Bharatiya Janata Party,60497,115
2024,AC,HR,KALKA,5,AMIT SHARMA,Independent,582,0
2024,AC,HR,KALKA,6,GOPAL SUKHOMAJRI,Independent,31665,23
2024,AC,HR,KALKA,7,VISHAL,Independent,377,0
2024,AC,HR,KALKA,8,NOTA,None of the Above,734,6
2024,AC,HR,PANCHKULA,1,DR KSHITIJ CHOUDHARY,Indian National Lok Dal,1374,1
2024,AC,HR,PANCHKULA,2,CHANDER MOHAN,Indian National Congress,67253,144
2024,AC,HR,PANCHKULA,3,GIAN CHAND GUPTA,Bharatiya Janata Party,65277,123
2024,AC,HR,PANCHKULA,4,PREM GARG,Aam Aadmi Party,3329,3
2024,AC,HR,PANCHKULA,5,SUSHIL GARG,Jannayak Janta Party,1153,0
2024,AC,HR,PANCHKULA,6,KISHAN SINGH NEGI,Right to Recall Party,110,0
2024,AC,HR,PANCHKULA,7,BHARAT BHUSHAN GURJAR,Bhartiya Veer Dal,58,0
2024,AC,HR,PANCHKULA,8,NATASHA SOOD,Independent,233,2
2024,AC,HR,PANCHKULA,9,M P SHARMA,Independent,305,0
2024,AC,HR,PANCHKULA,10,SAROJ BALA,Independent,150,0
2024,AC,HR,PANCHKULA,11,NOTA,None of the Above,984,3
2024,AC,HR,NARAINGARH,1,GURPAL SINGH,Aam Aadmi Party,3244,17
2024,AC,HR,NARAINGARH,2,DR. PAWAN SAINI,Bharatiya Janata Party,46932,154
2024,AC,HR,NARAINGARH,3,SHALLEY CHAUDHARY,Indian National Congress,61865,315
2024,AC,HR,NARAINGARH,4,HARBILAS SINGH,Bahujan Samaj Party,27403,37
2024,AC,HR,NARAINGARH,5,SEEMA DEVI,Bhartiya Shakti Chetna Party,299,0
2024,AC,HR,NARAINGARH,6,DHARAMPAL,Independent,297,0
2024,AC,HR,NARAINGARH,7,NEETU,Independent,310,6
2024,AC,HR,NARAINGARH,8,NOTA,None of the Above,408,2
2024,AC,HR,AMBALA CANTT.,1,ANIL VIJ,Bharatiya Janata Party,59686,172
2024,AC,HR,AMBALA CANTT.,2,AVTAR SINGH,Jannayak Janta Party,808,1
2024,AC,HR,AMBALA CANTT.,3,ONKAR SINGH,Indian National Lok Dal,2857,6
2024,AC,HR,AMBALA CANTT.,4,PARVINDER PAL PARI,Indian National Congress,14412,57
2024,AC,HR,AMBALA CANTT.,5,RAJ KAUR GILL,Aam Aadmi Party,520,4
2024,AC,HR,AMBALA CANTT.,6,NAVEEN KUMAR,Yuga Thulasi Party,334,0
2024,AC,HR,AMBALA CANTT.,7,CHITRA SARWARA,Independent,52438,143
2024,AC,HR,AMBALA CANTT.,8,JASWINDER GOLU,Independent,146,0
2024,AC,HR,AMBALA CANTT.,9,DHARMESH SOOD RINKU,Independent,764,0
2024,AC,HR,AMBALA CANTT.,10,NAVEEN BIDLA,Independent,234,0
2024,AC,HR,AMBALA CANTT.,11,SUNIL VERMA,Independent,100,0
2024,AC,HR,AMBALA CANTT.,12,NOTA,None of the Above,636,5
2024,AC,HR,AMBALA CITY,1,ASEEM GOEL NANEOLA,Bharatiya Janata Party,73204,140
2024,AC,HR,AMBALA CITY,2,KETAN SHARMA,Aam Aadmi Party,1484,8
2024,AC,HR,AMBALA CITY,3,NIRMAL SINGH MOHRA,Indian National Congress,84173,302
2024,AC,HR,AMBALA CITY,4,MALKIT SINGH BHANOKHERI,Bahujan Samaj Party,1302,3
2024,AC,HR,AMBALA CITY,5,PARUL NAGPAL UDAIPURIA,Aazad Samaj Party (Kanshi Ram),2420,3
2024,AC,HR,AMBALA CITY,6,BHUPINDER,Independent,161,5
2024,AC,HR,AMBALA CITY,7,MAYUR NANDA,Independent,134,3
2024,AC,HR,AMBALA CITY,8,LALIT WALIA,Independent,97,0
2024,AC,HR,AMBALA CITY,9,SACHIN KUMAR,Independent,124,0
2024,AC,HR,AMBALA CITY,10,SATNAM SINGH,Independent,626,3
2024,AC,HR,AMBALA CITY,11,SUNIL DUTT,Independent,137,1
2024,AC,HR,AMBALA CITY,12,NOTA,None of the Above,1364,7
2024,AC,HR,MULANA,1,GURTEJ SINGH,Aam Aadmi Party,1063,8
2024,AC,HR,MULANA,2,POOJA,Indian National Congress,78705,384
2024,AC,HR,MULANA,3,PRAKASH BHARTI,Indian National Lok Dal,8075,21
2024,AC,HR,MULANA,4,DR RAVINDER DHEEN,Jannayak Janta Party,1556,10
2024,AC,HR,MULANA,5,SANTOSH CHAUHAN SARWAN,Bharatiya Janata Party,66031,193
2024,AC,HR,MULANA,6,PRITAM SINGH,Rashtrawadi Janlok Party (Satya),656,2
2024,AC,HR,MULANA,7,AJAIB SINGH SODHI,Independent,695,4
2024,AC,HR,MULANA,8,DALIP SINGH,Independent,1191,2
2024,AC,HR,MULANA,9,HARKESH KUMAR,Independent,294,2
2024,AC,HR,MULANA,10,HAVELI RAM,Independent,465,0
2024,AC,HR,MULANA,11,NOTA,None of the Above,479,1
2024,AC,HR,SADHAURA,1,BALWANT SINGH,Bharatiya Janata Party,55608,227
2024,AC,HR,SADHAURA,2,BRIJ PAL,Bahujan Samaj Party,53388,108
2024,AC,HR,SADHAURA,3,RITA RANI,Aam Aadmi Party,933,5
2024,AC,HR,SADHAURA,4,RENU BALA,Indian National Congress,57248,286
2024,AC,HR,SADHAURA,5,JAI PAL,Bhartiya Panchyat Party,329,6
2024,AC,HR,SADHAURA,6,JASBIR SINGH,Bhartiya Shakti Chetna Party,290,1
2024,AC,HR,SADHAURA,7,SOHIL,Aazad Samaj Party (Kanshi Ram),4459,8
2024,AC,HR,SADHAURA,8,POOJA NAGRA,Independent,210,2
2024,AC,HR,SADHAURA,9,BETA MAMCHAND RATTU,Independent,437,0
2024,AC,HR,SADHAURA,10,NOTA,None of the Above,601,4
2024,AC,HR,JAGADHRI,1,AKRAM KHAN,Indian National Congress,67094,309
2024,AC,HR,JAGADHRI,2,ADARSH PAL SINGH,Aam Aadmi Party,43702,111
2024,AC,HR,JAGADHRI,3,KANWAR PAL,Bharatiya Janata Party,60313,222
2024,AC,HR,JAGADHRI,4,DARSHAN LAL,Bahujan Samaj Party,6423,13
2024,AC,HR,JAGADHRI,5,ASHOK KUMAR,Aazad Samaj Party (Kanshi Ram),2683,1
2024,AC,HR,JAGADHRI,6,DR. NITESH CHOPRA (HONEY),Bhartiya Shakti Chetna Party,309,1
2024,AC,HR,JAGADHRI,7,SONI,Indian Praja Congress,147,2
2024,AC,HR,JAGADHRI,8,ADITYA KUMAR SHASTRI,Independent,166,0
2024,AC,HR,JAGADHRI,9,GURDEV SINGH,Independent,113,1
2024,AC,HR,JAGADHRI,10,YAJUVINDER SINGH,Independent,275,0
2024,AC,HR,JAGADHRI,11,YOGESH SETHI (YOGI),Independent,398,0
2024,AC,HR,JAGADHRI,12,NOTA,None of the Above,746,3
2024,AC,HR,YAMUNANAGAR,1,INTZAR ALI,Jannayak Janta Party,493,1
2024,AC,HR,YAMUNANAGAR,2,GHANSHYAM DASS,Bharatiya Janata Party,72967,218
2024,AC,HR,YAMUNANAGAR,3,DILBAG SINGH,Indian National Lok Dal,35981,86
2024,AC,HR,YAMUNANAGAR,4,RAMAN TYAGI,Indian National Congress,50455,293
2024,AC,HR,YAMUNANAGAR,5,LALIT KUMAR TYAGI,Aam Aadmi Party,1649,6
2024,AC,HR,YAMUNANAGAR,6,KANCHAN SHARMA,Bhartiya Shakti Chetna Party,141,1
2024,AC,HR,YAMUNANAGAR,7,NIRMALJEET KAUR,Indian Praja Congress,231,3
2024,AC,HR,YAMUNANAGAR,8,MANGA RAM,Peoples Party of India (Democratic),246,0
2024,AC,HR,YAMUNANAGAR,9,KAPIL,Independent,278,0
2024,AC,HR,YAMUNANAGAR,10,SUKHWINDER,Independent,229,0
2024,AC,HR,YAMUNANAGAR,11,NOTA,None of the Above,730,5
2024,AC,HR,RADAUR,1,DHARAMPAL TIGRA,Bahujan Samaj Party,11153,29
2024,AC,HR,RADAUR,2,DR. BISHAN LAL SAINI,Indian National Congress,59868,348
2024,AC,HR,RADAUR,3,BHIM SINGH RATHI,Aam Aadmi Party,3233,12
2024,AC,HR,RADAUR,4,SHYAM SINGH RANA,Bharatiya Janata Party,73117,231
2024,AC,HR,RADAUR,5,DAYANAND,Ambedkar Samaj Vikas Party,259,2
2024,AC,HR,RADAUR,6,DIWAN CHAND KAMBOJ,Bhartiya Shakti Chetna Party,601,5
2024,AC,HR,RADAUR,7,MANDEEP TOPRA,Aazad Samaj Party (Kanshi Ram),2952,7
2024,AC,HR,RADAUR,8,ANIL KUMAR BATTA,Independent,176,1
2024,AC,HR,RADAUR,9,ASHOK KUMAR,Independent,173,1
2024,AC,HR,RADAUR,10,JAI PARKASH SHARMA,Independent,312,0
2024,AC,HR,RADAUR,11,NOTA,None of the Above,535,3
2024,AC,HR,LADWA,1,JOGA SINGH UMRI,Aam Aadmi Party,627,5
2024,AC,HR,LADWA,2,NAYAB SINGH,Bharatiya Janata Party,69865,312
2024,AC,HR,LADWA,3,MEWA SINGH,Indian National Congress,53745,378
2024,AC,HR,LADWA,4,VINOD KUMAR SHARMA,Jannayak Janta Party,204,1
2024,AC,HR,LADWA,5,SAPNA BARSHAMI,Indian National Lok Dal,7418,21
2024,AC,HR,LADWA,6,MAN SINGH BAPDA,Peoples Party of India (Democratic),133,0
2024,AC,HR,LADWA,7,VIKRAM SINGH SAINI,Bhartiya Shakti Chetna Party,143,1
2024,AC,HR,LADWA,8,SATISH KUMAR,Rashtriya Garib Dal,69,0
2024,AC,HR,LADWA,9,SUBHASH SAINI,Bhartiya Sarvodaya Party,48,0
2024,AC,HR,LADWA,10,ASHOK SAINI HAMID PUR,Independent,413,2
2024,AC,HR,LADWA,11,PARVEEN KUMAR,Independent,43,0
2024,AC,HR,LADWA,12,BHAJAN SINGH,Independent,262,3
2024,AC,HR,LADWA,13,RAJKUMAR,Independent,100,0
2024,AC,HR,LADWA,14,KASHYAP RAM CHANDER,Independent,611,0
2024,AC,HR,LADWA,15,VIKRAMJEET SINGH CHEEMA,Independent,11175,16
2024,AC,HR,LADWA,16,SANDEEP GARG LADWA,Independent,2258,4
2024,AC,HR,LADWA,17,NOTA,None of the Above,208,3
2024,AC,HR,SHAHBAD,1,ASHA RANI,Aam Aadmi Party,925,7
2024,AC,HR,SHAHBAD,2,CHANDER BHAN CHAUHAN,Bahujan Samaj Party,1635,3
2024,AC,HR,SHAHBAD,3,RAJEETA SINGH,Jannayak Janta Party,424,7
2024,AC,HR,SHAHBAD,4,RAM KARAN,Indian National Congress,60819,231
2024,AC,HR,SHAHBAD,5,SUBHASH CHAND,Bharatiya Janata Party,54438,171
2024,AC,HR,SHAHBAD,6,KANTA AALLDIA,Mission Ekta Party,1333,0
2024,AC,HR,SHAHBAD,7,PAWAN KUMAR,Independent,358,0
2024,AC,HR,SHAHBAD,8,RAJESH KANIPLA,Independent,235,0
2024,AC,HR,SHAHBAD,9,SHIV NATH,Independent,185,0
2024,AC,HR,SHAHBAD,10,NOTA,None of the Above,437,1
2024,AC,HR,THANESAR,1,ASHOK KUMAR ARORA,Indian National Congress,69293,783
2024,AC,HR,THANESAR,2,KRISHAN BAJAJ,Aam Aadmi Party,2927,21
2024,AC,HR,THANESAR,3,TANUJA,Bahujan Samaj Party,1690,19
2024,AC,HR,THANESAR,4,SUBHASH SUDHA,Bharatiya Janata Party,66450,383
2024,AC,HR,THANESAR,5,SURYA PARTAP SINGH RATHORE,Jannayak Janta Party,381,4
2024,AC,HR,THANESAR,6,JAIVEER SINGH RANGA,Republican Party of India (A),141,0
2024,AC,HR,THANESAR,7,ABHISHEK PUNIA,Independent,159,0
2024,AC,HR,THANESAR,8,ASHOK KUMAR,Independent,71,0
2024,AC,HR,THANESAR,9,MEHAR,Independent,92,0
2024,AC,HR,THANESAR,10,NOTA,None of the Above,790,8
2024,AC,HR,PEHOWA,1,GEHAL SINGH SANDHU,Aam Aadmi Party,884,6
2024,AC,HR,PEHOWA,2,JAI BHAGWAN SHARMA (DD),Bharatiya Janata Party,57832,163
2024,AC,HR,PEHOWA,3,BALDEV SINGH WARAICH,Indian National Lok Dal,1763,9
2024,AC,HR,PEHOWA,4,MANDEEP CHATHA,Indian National Congress,64240,308
2024,AC,HR,PEHOWA,5,DR. SUKHWINDER KAUR,Jannayak Janta Party,1246,7
2024,AC,HR,PEHOWA,6,KULDEEP SINGH,Shiromani Akali Dal (Amritsar)(Simranjit Singh Mann),106,1
2024,AC,HR,PEHOWA,7,GURNAM SINGH,Sanyukt Sangharsh Party,1169,1
2024,AC,HR,PEHOWA,8,RAJAT SHARMA ISMAILABAD,Independent,394,1
2024,AC,HR,PEHOWA,9,SHYAM LAL GUMTHALA GARHU,Independent,166,0
2024,AC,HR,PEHOWA,10,NOTA,None of the Above,305,1
2024,AC,HR,GUHLA,1,KULWANT RAM BAZIGAR,Bharatiya Janata Party,41572,159
2024,AC,HR,GUHLA,2,KRISHAN KUMAR,Jannayak Janta Party,5753,15
2024,AC,HR,GUHLA,3,DEVENDER HANS,Indian National Congress,64270,341
2024,AC,HR,GUHLA,4,POONAM RANI,Indian National Lok Dal,2393,16
2024,AC,HR,GUHLA,5,RAKESH KUMAR,Aam Aadmi Party,4527,13
2024,AC,HR,GUHLA,6,BHUPINDER SINGH,Shiromani Akali Dal (Amritsar)(Simranjit Singh Mann),394,5
2024,AC,HR,GUHLA,7,MANOJ KUMAR,Mission Ekta Party,227,1
2024,AC,HR,GUHLA,8,AMARJEET SINGH,Independent,1047,4
2024,AC,HR,GUHLA,9,NARESH KUMAR,Independent,12402,35
2024,AC,HR,GUHLA,10,NOTA,None of the Above,702,0
2024,AC,HR,KALAYAT,1,ANURAG DHANDA,Aam Aadmi Party,5452,30
2024,AC,HR,KALAYAT,2,KAMLESH DHANDA,Bharatiya Janata Party,34484,239
2024,AC,HR,KALAYAT,3,PRITAM KOLEKHAN,Jannayak Janta Party,2135,19
2024,AC,HR,KALAYAT,4,RAMPAL MAJRA,Indian National Lok Dal,18706,144
2024,AC,HR,KALAYAT,5,VIKAS SAHARAN,Indian National Congress,47589,553
2024,AC,HR,KALAYAT,6,ANITA DHULL BADSIKRI,Independent,25184,118
2024,AC,HR,KALAYAT,7,ASHISH RASILA,Independent,3687,4
2024,AC,HR,KALAYAT,8,JITENDER SINGH URF DHOLA,Independent,217,0
2024,AC,HR,KALAYAT,9,RAJENDER KUMAR,Independent,199,1
2024,AC,HR,KALAYAT,10,RAJESH KUMAR,Independent,308,1
2024,AC,HR,KALAYAT,11,VINOD NIRMAL,Independent,14426,82
2024,AC,HR,KALAYAT,12,SATVINDER SINGH RANA,Independent,5812,47
2024,AC,HR,KALAYAT,13,SANDEEP KOTRA ADVOCATE,Independent,311,1
2024,AC,HR,KALAYAT,14,SALINDER KUMAR,Independent,270,1
2024,AC,HR,KALAYAT,15,NOTA,None of the Above,389,4
2024,AC,HR,KAITHAL,1,ANIL TANWER,Bahujan Samaj Party,3402,26
2024,AC,HR,KAITHAL,2,ADITYA SURJEWALA,Indian National Congress,82844,900
2024,AC,HR,KAITHAL,3,LEELA RAM,Bharatiya Janata Party,75140,480
2024,AC,HR,KAITHAL,4,SATBIR SINGH GOYAT,Aam Aadmi Party,1743,6
2024,AC,HR,KAITHAL,5,SANDEEP GARHI,Jannayak Janta Party,1902,8
2024,AC,HR,KAITHAL,6,ASHWINI SHARMA HRITTWAL,Independent,212,1
2024,AC,HR,KAITHAL,7,CHAND KALYAN,Independent,135,0
2024,AC,HR,KAITHAL,8,PATASHO DEVI,Independent,299,1
2024,AC,HR,KAITHAL,9,BALRAJ SINGH,Independent,198,1
2024,AC,HR,KAITHAL,10,DR. MAHESH CHAND GAUR,Independent,164,2
2024,AC,HR,KAITHAL,11,SATISH KUMAR,Independent,268,1
2024,AC,HR,KAITHAL,12,FOUJI SURESH KUMAR,Independent,466,1
2024,AC,HR,KAITHAL,13,NOTA,None of the Above,512,2
2024,AC,HR,PUNDRI,1,NARENDER SHARMA,Aam Aadmi Party,2549,22
2024,AC,HR,PUNDRI,2,SATPAL JAMBA,Bharatiya Janata Party,42544,261
2024,AC,HR,PUNDRI,3,SULTAN JADAULA,Indian National Congress,25963,378
2024,AC,HR,PUNDRI,4,HISAM SINGH BHUKKAL,Bahujan Samaj Party,4867,24
2024,AC,HR,PUNDRI,5,BABU RAM,Socialist Unity Centre Of India (COMMUNIST),232,0
2024,AC,HR,PUNDRI,6,ENGINEER SURESH KUMAR,Peoples Party of India (Democratic),98,2
2024,AC,HR,PUNDRI,7,AMIT KUMAR,Independent,152,1
2024,AC,HR,PUNDRI,8,GURINDER SINGH HABRI,Independent,8060,37
2024,AC,HR,PUNDRI,9,DINESH KAUSHIK,Independent,3076,29
2024,AC,HR,PUNDRI,10,DILBAG BHANA,Independent,130,1
2024,AC,HR,PUNDRI,11,NARESH KUMAR PHARAL,Independent,393,3
2024,AC,HR,PUNDRI,12,PARMOD CHUHARMAJRA,Independent,311,0
2024,AC,HR,PUNDRI,13,RANDHIR SINGH GOLLEN,Independent,88,2
2024,AC,HR,PUNDRI,14,ADVOCATE RAKESH SHARMA,Independent,347,2
2024,AC,HR,PUNDRI,15,SAJJAN SINGH DHULL,Independent,4910,27
2024,AC,HR,PUNDRI,16,SATBIR BHANA,Independent,40380,228
2024,AC,HR,PUNDRI,17,SUNITA BATTAN,Independent,118,7
2024,AC,HR,PUNDRI,18,HARIPAL PAHALWAN,Independent,496,7
2024,AC,HR,PUNDRI,19,NOTA,None of the Above,226,3
2024,AC,HR,NILOKHERI,1,AMAR SINGH,Aam Aadmi Party,552,4
2024,AC,HR,NILOKHERI,2,DHARAM PAL,Indian National Congress,58776,281
2024,AC,HR,NILOKHERI,3,BALWAN SINGH,Indian National Lok Dal,2140,5
2024,AC,HR,NILOKHERI,4,BHAGWAN DASS,Bharatiya Janata Party,77657,245
2024,AC,HR,NILOKHERI,5,KARAM SINGH,Aazad Samaj Party (Kanshi Ram),387,0
2024,AC,HR,NILOKHERI,6,GAURAV BAKHSHI,Rashtrawadi Janlok Party (Satya),1375,3
2024,AC,HR,NILOKHERI,7,DEEPAK KUMAR,Rashtriya Garib Dal,64,0
2024,AC,HR,NILOKHERI,8,DYAL SINGH,Independent,247,2
2024,AC,HR,NILOKHERI,9,NAVEEN KUMAR,Independent,142,2
2024,AC,HR,NILOKHERI,10,RAJ KUMAR,Independent,5461,9
2024,AC,HR,NILOKHERI,11,RAJIV KUMAR,Independent,84,3
2024,AC,HR,NILOKHERI,12,VED PARKASH,Independent,415,3
2024,AC,HR,NILOKHERI,13,SARITA,Independent,228,2
2024,AC,HR,NILOKHERI,14,SUNDARI,Independent,166,2
2024,AC,HR,NILOKHERI,15,SUBHASH CHAND,Independent,238,0
2024,AC,HR,NILOKHERI,16,NOTA,None of the Above,343,2
2024,AC,HR,INDRI,1,KULDEEP SINGH MANDHAN,Jannayak Janta Party,1180,7
2024,AC,HR,INDRI,2,RAKESH KAMBOJ,Indian National Congress,64875,441
2024,AC,HR,INDRI,3,RAM KUMAR KASHYAP,Bharatiya Janata Party,80198,267
2024,AC,HR,INDRI,4,SURENDER UDANA,Bahujan Samaj Party,7481,17
2024,AC,HR,INDRI,5,HAWA SINGH,Aam Aadmi Party,1476,7
2024,AC,HR,INDRI,6,SANJAY KUMAR,Bhartiya Shakti Chetna Party,200,0
2024,AC,HR,INDRI,7,NOTA,None of the Above,425,3
2024,AC,HR,KARNAL,1,JAGMOHAN ANAND,Bharatiya Janata Party,89737,269
2024,AC,HR,KARNAL,2,JETENDER ROYAL,Jannayak Janta Party,269,0
2024,AC,HR,KARNAL,3,SUNIL BINDAL,Aam Aadmi Party,1714,9
2024,AC,HR,KARNAL,4,SUMITA VIRK,Indian National Congress,56073,281
2024,AC,HR,KARNAL,5,SURJEET SINGH,Indian National Lok Dal,944,6
2024,AC,HR,KARNAL,6,ADVOCATE PARDEEP SAINI,Rashtriya Garib Dal,63,0
2024,AC,HR,KARNAL,7,HARDEEP SINGH,Shiromani Akali Dal (Amritsar)(Simranjit Singh Mann),55,0
2024,AC,HR,KARNAL,8,KAMAL,Independent,242,0
2024,AC,HR,KARNAL,9,DHARMENDER,Independent,55,0
2024,AC,HR,KARNAL,10,NEERU BALA SAINI,Independent,98,0
2024,AC,HR,KARNAL,11,YASH DEV GOYAL,Independent,53,0
2024,AC,HR,KARNAL,12,VARINDER KUMAR CHAWLA,Independent,149,0
2024,AC,HR,KARNAL,13,NOTA,None of the Above,851,3
2024,AC,HR,GHARAUNDA,1,KRISHAN SINGH ALIAS MANNU KASHYAP,Indian National Lok Dal,1607,4
2024,AC,HR,GHARAUNDA,2,JAIPAL SHARMA,Aam Aadmi Party,943,4
2024,AC,HR,GHARAUNDA,3,RAJPAL,Jannayak Janta Party,568,4
2024,AC,HR,GHARAUNDA,4,VARINDER SINGH RATHORE,Indian National Congress,82423,282
2024,AC,HR,GHARAUNDA,5,HARVINDER KALYAN,Bharatiya Janata Party,87016,220
2024,AC,HR,GHARAUNDA,6,VICKY,Jan Sewak Kranti Party,671,0
2024,AC,HR,GHARAUNDA,7,PARDEEP KASHYAP UPLI,Independent,396,0
2024,AC,HR,GHARAUNDA,8,BHUPINDER SINGH,Independent,143,1
2024,AC,HR,GHARAUNDA,9,NOTA,None of the Above,454,2
2024,AC,HR,ASSANDH,1,AMANDEEP SINGH JUNDLA,Aam Aadmi Party,4281,9
2024,AC,HR,ASSANDH,2,GOPAL SINGH,Bahujan Samaj Party,27355,41
2024,AC,HR,ASSANDH,3,YOGINDER SINGH RANA,Bharatiya Janata Party,54547,214
2024,AC,HR,ASSANDH,4,SHAMSHER SINGH GOGI,Indian National Congress,52180,275
2024,AC,HR,ASSANDH,5,PREM CHAND,Buland Bharat Party,328,0
2024,AC,HR,ASSANDH,6,MARATHA VIRENDER VERMA,Nationalist Congress Party â€“ Sharadchandra Pawar,4206,12
2024,AC,HR,ASSANDH,7,HARJEET SINGH,Shiromani Akali Dal (Amritsar)(Simranjit Singh Mann),306,2
2024,AC,HR,ASSANDH,8,JAIPAL PUNIA,Independent,348,2
2024,AC,HR,ASSANDH,9,ZILE RAM SHARMA,Independent,16233,69
2024,AC,HR,ASSANDH,10,PARDEEP,Independent,124,0
2024,AC,HR,ASSANDH,11,BALJIT SINGH,Independent,128,0
2024,AC,HR,ASSANDH,12,RAMPHAL,Independent,270,2
2024,AC,HR,ASSANDH,13,REKHA,Independent,608,1
2024,AC,HR,ASSANDH,14,ADVOCATE SONIYA BOHAT,Independent,444,1
2024,AC,HR,ASSANDH,15,NOTA,None of the Above,305,1
2024,AC,HR,PANIPAT RURAL,1,MAHIPAL DHANDA,Bharatiya Janata Party,100881,198
2024,AC,HR,PANIPAT RURAL,2,RAGHUNATH TANWAR KASHYAP,Jannayak Janta Party,378,3
2024,AC,HR,PANIPAT RURAL,3,RANBIR SINGH,Bahujan Samaj Party,1607,8
2024,AC,HR,PANIPAT RURAL,4,SACHIN KUNDU,Indian National Congress,50673,194
2024,AC,HR,PANIPAT RURAL,5,SUKHVIR MALIK,Aam Aadmi Party,1676,6
2024,AC,HR,PANIPAT RURAL,6,AMIT MAURYA,Liberal Socialist Party,386,0
2024,AC,HR,PANIPAT RURAL,7,MASTER KULDEEP REDHU,Independent,128,0
2024,AC,HR,PANIPAT RURAL,8,DIPTI,Independent,87,0
2024,AC,HR,PANIPAT RURAL,9,DEVENDER,Independent,198,0
2024,AC,HR,PANIPAT RURAL,10,RAMESH SINGLA,Independent,240,0
2024,AC,HR,PANIPAT RURAL,11,VIJAY JAIN,Independent,43244,79
2024,AC,HR,PANIPAT RURAL,12,NOTA,None of the Above,1149,4
2024,AC,HR,PANIPAT CITY,1,PARMOD KUMAR VIJ,Bharatiya Janata Party,81606,144
2024,AC,HR,PANIPAT CITY,2,RITU ARORA,Aam Aadmi Party,702,3
2024,AC,HR,PANIPAT CITY,3,VARINDER KUMAR SHAH,Indian National Congress,45929,149
2024,AC,HR,PANIPAT CITY,4,SAROJ BALA GUR,Bahujan Samaj Party,693,3
2024,AC,HR,PANIPAT CITY,5,BHATERI DEVI,Rashtriya Mazdoor Ekta Party,84,0
2024,AC,HR,PANIPAT CITY,6,CA JAGDISH DHAMIJA,Independent,397,1
2024,AC,HR,PANIPAT CITY,7,DILBAG SINGH KRANTIKARI,Independent,438,0
2024,AC,HR,PANIPAT CITY,8,RAMESH KUMAR CHAUDHARY,Independent,133,0
2024,AC,HR,PANIPAT CITY,9,ROHITA REWRI,Independent,15528,18
2024,AC,HR,PANIPAT CITY,10,SAWAMI AGNIVESH,Independent,169,0
2024,AC,HR,PANIPAT CITY,11,HIMANSHU SHARMA,Independent,164,0
2024,AC,HR,PANIPAT CITY,12,NOTA,None of the Above,701,1
2024,AC,HR,ISRANA,1,AMIT KUMAR,Aam Aadmi Party,818,7
2024,AC,HR,ISRANA,2,KRISHAN LAL PANWAR,Bharatiya Janata Party,67177,361
2024,AC,HR,ISRANA,3,BALBIR SINGH BALMIKI,Indian National Congress,53277,366
2024,AC,HR,ISRANA,4,SUNIL KUMAR,Jannayak Janta Party,418,1
2024,AC,HR,ISRANA,5,SURAJBHAN,Indian National Lok Dal,999,8
2024,AC,HR,ISRANA,6,RAKESH SAROHA,Independent,4268,15
2024,AC,HR,ISRANA,7,SATYAWAN SHERA,Independent,1642,10
2024,AC,HR,ISRANA,8,NOTA,None of the Above,285,2
2024,AC,HR,SAMALKHA,1,GANGARAM SWAMI,Jannayak Janta Party,846,2
2024,AC,HR,SAMALKHA,2,JAIKANWAR ALIAS BITTU PAHALWAN,Aam Aadmi Party,1048,12
2024,AC,HR,SAMALKHA,3,DHARAM SINGH CHHOKER,Indian National Congress,61610,368
2024,AC,HR,SAMALKHA,4,MANMOHAN BHADANA,Bharatiya Janata Party,80950,343
2024,AC,HR,SAMALKHA,5,RAJESH,Indian National Lok Dal,1097,6
2024,AC,HR,SAMALKHA,6,RAVINDER MACHHRAULI,Independent,21066,66
2024,AC,HR,SAMALKHA,7,SATISH KUMAR,Independent,286,0
2024,AC,HR,SAMALKHA,8,NOTA,None of the Above,414,5
2024,AC,HR,GANAUR,1,ANIL KUMAR TYAGI,Jannayak Janta Party,340,3
2024,AC,HR,GANAUR,2,KULDIP SHARMA,Indian National Congress,41686,353
2024,AC,HR,GANAUR,3,DEVENDER KAUSHIK,Bharatiya Janata Party,17523,82
2024,AC,HR,GANAUR,4,NAR SINGH,Bahujan Samaj Party,681,5
2024,AC,HR,GANAUR,5,SAROJ BALA,Aam Aadmi Party,168,6
2024,AC,HR,GANAUR,6,ANKUR KAUSHIK,Independent,84,0
2024,AC,HR,GANAUR,7,KAVITA SHARMA,Independent,1929,2
2024,AC,HR,GANAUR,8,TAKDEER,Independent,305,0
2024,AC,HR,GANAUR,9,DEVENDER KADYAN,Independent,76949,299
2024,AC,HR,GANAUR,10,RAM KUMAR,Independent,246,0
2024,AC,HR,GANAUR,11,RAM MEHAR SINGH,Independent,147,0
2024,AC,HR,GANAUR,12,NOTA,None of the Above,229,1
2024,AC,HR,RAI,1,KRISHNA GAHLAWAT,Bharatiya Janata Party,64478,136
2024,AC,HR,RAI,2,JAI BHAGWAN ANTIL,Indian National Congress,59667,274
2024,AC,HR,RAI,3,PARMOD DAHIYA,Indian National Lok Dal,701,6
2024,AC,HR,RAI,4,BIJENDER,Jannayak Janta Party,306,0
2024,AC,HR,RAI,5,RAJESH SAROHA,Aam Aadmi Party,280,1
2024,AC,HR,RAI,6,DEVENDER SINGH,Socialist Unity Centre Of India (COMMUNIST),225,0
2024,AC,HR,RAI,7,MUKESH TAPSI,Rashtriya Majdoor Vikas Party,60,0
2024,AC,HR,RAI,8,SANT DHARAMVEER CHOTIVALA,Yuga Thulasi Party,102,0
2024,AC,HR,RAI,9,PRATEEK RAJKUMAR SHARMA,Independent,12243,19
2024,AC,HR,RAI,10,BIJENDER KUMAR,Independent,65,1
2024,AC,HR,RAI,11,RAJESH KUMAR,Independent,60,0
2024,AC,HR,RAI,12,RAHUL KIRORIWAL,Independent,634,1
2024,AC,HR,RAI,13,SANDEEP KUMAR,Independent,74,0
2024,AC,HR,RAI,14,SITENDER,Independent,400,0
2024,AC,HR,RAI,15,NOTA,None of the Above,482,4
2024,AC,HR,KHARKHAUDA,1,JAIVEER SINGH,Indian National Congress,52056,393
2024,AC,HR,KHARKHAUDA,2,PAWAN KHARKHODA,Bharatiya Janata Party,57891,193
2024,AC,HR,KHARKHAUDA,3,PRITAM KHOKAR,Indian National Lok Dal,1579,14
2024,AC,HR,KHARKHAUDA,4,MANJEET FARMANA,Aam Aadmi Party,391,6
2024,AC,HR,KHARKHAUDA,5,RAMESH KHATAK,Jannayak Janta Party,204,3
2024,AC,HR,KHARKHAUDA,6,AMAR SINGH BALMIKI,Rashtra Nirman Party,81,0
2024,AC,HR,KHARKHAUDA,7,DR. PARVEEN KHARKHODA,Yuga Thulasi Party,186,2
2024,AC,HR,KHARKHAUDA,8,RADHEY SHYAM,Peoples Party of India (Democratic),78,0
2024,AC,HR,KHARKHAUDA,9,M. GAJE SINGH ADVOCATE,Independent,153,1
2024,AC,HR,KHARKHAUDA,10,SATNARAYAN,Independent,148,1
2024,AC,HR,KHARKHAUDA,11,NOTA,None of the Above,333,3
2024,AC,HR,SONIPAT,1,DEVINDER GAUTAM,Aam Aadmi Party,1193,7
2024,AC,HR,SONIPAT,2,NIKHIL MADAAN,Bharatiya Janata Party,84575,252
2024,AC,HR,SONIPAT,3,SARDHARAM SINGH,Indian National Lok Dal,1022,4
2024,AC,HR,SONIPAT,4,SURENDER PANWAR,Indian National Congress,54727,473
2024,AC,HR,SONIPAT,5,ISHWAR SINGH RATHEE,Socialist Unity Centre Of India (COMMUNIST),246,0
2024,AC,HR,SONIPAT,6,PAWAN SANATANI,Rashtriya Jatigat Aarakshan Virodhi Party,70,0
2024,AC,HR,SONIPAT,7,RAJIV VERMA,Communist Party of India,761,2
2024,AC,HR,SONIPAT,8,RAJESH,Aazad Samaj Party (Kanshi Ram),226,1
2024,AC,HR,SONIPAT,9,SUSHIL KUMAR MANAV,Yuga Thulasi Party,104,0
2024,AC,HR,SONIPAT,10,DR. KAMLESH KUMAR SAINI,Independent,116,0
2024,AC,HR,SONIPAT,11,DHARAMBIR FOJI,Independent,60,0
2024,AC,HR,SONIPAT,12,RAMESH KHATRI LAMBERDAR,Independent,208,0
2024,AC,HR,SONIPAT,13,NOTA,None of the Above,726,3
2024,AC,HR,GOHANA,1,ARVIND KUMAR SHARMA,Bharatiya Janata Party,56754,301
2024,AC,HR,GOHANA,2,KULDEEP MALIK,Jannayak Janta Party,607,1
2024,AC,HR,GOHANA,3,JAGBIR SINGH MALIK,Indian National Congress,46048,578
2024,AC,HR,GOHANA,4,DINESH KUMAR,Bahujan Samaj Party,920,5
2024,AC,HR,GOHANA,5,SHIV KUMAR RANGEELA,Aam Aadmi Party,946,8
2024,AC,HR,GOHANA,6,ARVIND,Independent,184,0
2024,AC,HR,GOHANA,7,ARUN NINANIYA,Independent,175,3
2024,AC,HR,GOHANA,8,RAJBIR,Independent,93,0
2024,AC,HR,GOHANA,9,RAJVIR SINGH DAHIYA,Independent,8804,20
2024,AC,HR,GOHANA,10,SUNNY,Independent,140,0
2024,AC,HR,GOHANA,11,HARSH CHHIKARA,Independent,14687,74
2024,AC,HR,GOHANA,12,NOTA,None of the Above,435,3
2024,AC,HR,BARODA,1,INDURAJ SINGH NARWAL,Indian National Congress,53787,675
2024,AC,HR,BARODA,2,DEEPAK MALIK,Jannayak Janta Party,597,8
2024,AC,HR,BARODA,3,DHARAM VIR,Bahujan Samaj Party,1728,14
2024,AC,HR,BARODA,4,PARDEEP SINGH SANGWAN,Bharatiya Janata Party,22359,225
2024,AC,HR,BARODA,5,SANDEEP MALIK,Aam Aadmi Party,1279,7
2024,AC,HR,BARODA,6,KAPOOR SINGH NARWAL,Independent,48585,235
2024,AC,HR,BARODA,7,DEVENDER KUMAR ALIAS NITU MOR,Independent,198,2
2024,AC,HR,BARODA,8,NOTA,None of the Above,270,2
2024,AC,HR,JULANA,1,AMARJEET DHANDA,Jannayak Janta Party,2466,11
2024,AC,HR,JULANA,2,KAVITA RANI,Aam Aadmi Party,1266,14
2024,AC,HR,JULANA,3,YOGESH KUMAR,Bharatiya Janata Party,58728,337
2024,AC,HR,JULANA,4,VINESH,Indian National Congress,64491,589
2024,AC,HR,JULANA,5,SURENDER LATHER,Indian National Lok Dal,10123,35
2024,AC,HR,JULANA,6,JOGI SUNIL,Rashtriya Garib Dal,46,1
2024,AC,HR,JULANA,7,AMIT SHARMA,Independent,74,2
2024,AC,HR,JULANA,8,INDERJEET,Independent,45,1
2024,AC,HR,JULANA,9,COACH JASVIR SINGH AHLAWAT,Independent,89,1
2024,AC,HR,JULANA,10,PREM,Independent,117,0
2024,AC,HR,JULANA,11,BIJENDER KUMAR,Independent,163,1
2024,AC,HR,JULANA,12,RAMRATTAN,Independent,68,1
2024,AC,HR,JULANA,13,NOTA,None of the Above,201,1
2024,AC,HR,SAFIDON,1,NISHA DESWAL,Aam Aadmi Party,185,8
2024,AC,HR,SAFIDON,2,PINKI KUNDU,Bahujan Samaj Party,806,16
2024,AC,HR,SAFIDON,3,RAM KUMAR GAUTAM,Bharatiya Janata Party,58699,284
2024,AC,HR,SAFIDON,4,SUBHASH GANGOLI,Indian National Congress,54517,429
2024,AC,HR,SAFIDON,5,SUSHIL BAIRAGI,Jannayak Janta Party,810,4
2024,AC,HR,SAFIDON,6,RAKESH KUMAR,Right to Recall Party,92,2
2024,AC,HR,SAFIDON,7,ADVOCATE RINKU MUANA,Republican Party of India (A),296,3
2024,AC,HR,SAFIDON,8,AJIT KUMAR,Independent,191,1
2024,AC,HR,SAFIDON,9,GURMEET,Independent,298,0
2024,AC,HR,SAFIDON,10,JASBIR DESWAL,Independent,20066,48
2024,AC,HR,SAFIDON,11,BACHAN SINGH ARYA,Independent,8746,61
2024,AC,HR,SAFIDON,12,MONU LOHAN,Independent,65,0
2024,AC,HR,SAFIDON,13,VIJAY PAL,Independent,223,1
2024,AC,HR,SAFIDON,14,VIPUL,Independent,420,0
2024,AC,HR,SAFIDON,15,SUBHASH SAINI,Independent,73,1
2024,AC,HR,SAFIDON,16,SUYAG,Independent,107,0
2024,AC,HR,SAFIDON,17,SUSHIL KUMAR,Independent,31,0
2024,AC,HR,SAFIDON,18,NOTA,None of the Above,169,3
2024,AC,HR,JIND,1,DR KRISHAN LAL MIDDHA,Bharatiya Janata Party,68570,350
2024,AC,HR,JIND,2,DHARAM PAL TANWAR,Jannayak Janta Party,1003,11
2024,AC,HR,JIND,3,NARENDER NATH SHARMA,Indian National Lok Dal,1115,12
2024,AC,HR,JIND,4,MAHAVIR GUPTA,Indian National Congress,52365,695
2024,AC,HR,JIND,5,WAZIR DHANDA,Aam Aadmi Party,2068,10
2024,AC,HR,JIND,6,ANKIT KUMAR,Independent,83,0
2024,AC,HR,JIND,7,PRADEEP SINGH,Independent,7601,38
2024,AC,HR,JIND,8,RAM PARKASH TAYAL,Independent,80,0
2024,AC,HR,JIND,9,RITU RAJ BAMNIYA,Independent,370,3
2024,AC,HR,JIND,10,RITESH SANGWAN SANGU,Independent,99,1
2024,AC,HR,JIND,11,VIKAS,Independent,61,1
2024,AC,HR,JIND,12,VED PARKASH,Independent,95,3
2024,AC,HR,JIND,13,SURESH CHAND,Independent,55,0
2024,AC,HR,JIND,14,NOTA,None of the Above,542,5
2024,AC,HR,UCHANA KALAN,1,DUSHYANT CHAUTALA,Jannayak Janta Party,7914,36
2024,AC,HR,UCHANA KALAN,2,DEVENDER CHATAR BHUJ ATTRI,Bharatiya Janata Party,48721,247
2024,AC,HR,UCHANA KALAN,3,PAWAN FAUJI,Aam Aadmi Party,2480,15
2024,AC,HR,UCHANA KALAN,4,BRIJENDRA SINGH,Indian National Congress,48300,636
2024,AC,HR,UCHANA KALAN,5,VINOD PAL SINGH DULGANCH,Indian National Lok Dal,2641,12
2024,AC,HR,UCHANA KALAN,6,MASTER AJIT ARYA,Republican Party of India (A),192,0
2024,AC,HR,UCHANA KALAN,7,AMARJEET SINGH,Shiromani Akali Dal (Amritsar)(Simranjit Singh Mann),307,1
2024,AC,HR,UCHANA KALAN,8,ISHWAR KHATKAR FOUJI,Independent,263,3
2024,AC,HR,UCHANA KALAN,9,GURMAIL SINGH,Independent,73,0
2024,AC,HR,UCHANA KALAN,10,JOGIENDER,Independent,153,0
2024,AC,HR,UCHANA KALAN,11,DILBAG SANDIL,Independent,7349,24
2024,AC,HR,UCHANA KALAN,12,DEVENDER,Independent,241,0
2024,AC,HR,UCHANA KALAN,13,DEVENDER SHEORAN,Independent,191,0
2024,AC,HR,UCHANA KALAN,14,COMRADE PAL SINGH,Independent,230,0
2024,AC,HR,UCHANA KALAN,15,BIJENDER,Independent,338,0
2024,AC,HR,UCHANA KALAN,16,BIJENDER SINGH,Independent,229,1
2024,AC,HR,UCHANA KALAN,17,COMRADE RAMESH KHATKAR,Independent,127,0
2024,AC,HR,UCHANA KALAN,18,VIKAS,Independent,13406,52
2024,AC,HR,UCHANA KALAN,19,VIRENDER GHOGHARIAN,Independent,31325,131
2024,AC,HR,UCHANA KALAN,20,VIRENDER PAL,Independent,181,0
2024,AC,HR,UCHANA KALAN,21,NOTA,None of the Above,183,4
2024,AC,HR,NARWANA,1,ANIL RANGA,Aam Aadmi Party,2369,5
2024,AC,HR,NARWANA,2,KRISHAN KUMAR,Bharatiya Janata Party,59187,287
2024,AC,HR,NARWANA,3,VIDYA RANI DANODA,Indian National Lok Dal,46021,282
2024,AC,HR,NARWANA,4,SANTOSH DANODA,Jannayak Janta Party,1534,13
2024,AC,HR,NARWANA,5,SATBIR DABLAIN,Indian National Congress,47445,530
2024,AC,HR,NARWANA,6,MANIRAM,Communist Party of India,578,1
2024,AC,HR,NARWANA,7,RAM LAL KALYAN,Aam Janshakti Party,166,0
2024,AC,HR,NARWANA,8,KITABA,Independent,114,0
2024,AC,HR,NARWANA,9,GURMAIL,Independent,464,2
2024,AC,HR,NARWANA,10,COMRADE SATYAVIR SINGH,Independent,352,0
2024,AC,HR,NARWANA,11,NOTA,None of the Above,456,4
2024,AC,HR,TOHANA,1,KUNAL KARAN SINGH,Indian National Lok Dal,9730,43
2024,AC,HR,TOHANA,2,DEVENDER SINGH BABLI,Bharatiya Janata Party,77363,323
2024,AC,HR,TOHANA,3,PARAMVIR SINGH,Indian National Congress,87892,630
2024,AC,HR,TOHANA,4,SUKHVINDER SINGH S/O AVTAR SINGH,Aam Aadmi Party,1604,12
2024,AC,HR,TOHANA,5,HAWA SINGH KHOBRA,Jannayak Janta Party,588,3
2024,AC,HR,TOHANA,6,KARAMBIR,Independent,262,2
2024,AC,HR,TOHANA,7,DHARAMPAL SHERE GILL,Independent,70,0
2024,AC,HR,TOHANA,8,NARENDER SIWACH TINU,Independent,151,0
2024,AC,HR,TOHANA,9,NIKHIL KUMAR,Independent,66,1
2024,AC,HR,TOHANA,10,RAMESHWAR LAL,Independent,323,1
2024,AC,HR,TOHANA,11,RAY SINGH,Independent,311,0
2024,AC,HR,TOHANA,12,SUKHVINDER SINGH S/O BALDEV SINGH,Independent,394,0
2024,AC,HR,TOHANA,13,NOTA,None of the Above,691,7
2024,AC,HR,FATEHABAD,1,KAMAL BISLA,Aam Aadmi Party,2778,25
2024,AC,HR,FATEHABAD,2,DURA RAM,Bharatiya Janata Party,83517,403
2024,AC,HR,FATEHABAD,3,BALWAN SINGH DOULATPURIA,Indian National Congress,85442,730
2024,AC,HR,FATEHABAD,4,SUNAINA CHAUTALA,Indian National Lok Dal,9626,55
2024,AC,HR,FATEHABAD,5,SUBHASH CHANDER GORCHHIA,Jannayak Janta Party,3235,14
2024,AC,HR,FATEHABAD,6,BANTI BARETH,Peoples Party of India (Democratic),193,0
2024,AC,HR,FATEHABAD,7,VIKRAM JEET KARWASRA,Mission Ekta Party,322,0
2024,AC,HR,FATEHABAD,8,JAIBIR,Independent,143,1
2024,AC,HR,FATEHABAD,9,TAHIR HUSAIN,Independent,67,0
2024,AC,HR,FATEHABAD,10,DARBARA SINGH,Independent,215,0
2024,AC,HR,FATEHABAD,11,MANDEEP KUMAR,Independent,75,0
2024,AC,HR,FATEHABAD,12,RAMAN,Independent,129,0
2024,AC,HR,FATEHABAD,13,RAJENDER CHOUDHARY URF KAKA,Independent,5801,15
2024,AC,HR,FATEHABAD,14,VINOD KUMAR,Independent,584,1
2024,AC,HR,FATEHABAD,15,VISHVAMITTR,Independent,301,0
2024,AC,HR,FATEHABAD,16,SANJAY KUMAR,Independent,381,0
2024,AC,HR,FATEHABAD,17,SIMARJEET SINGH,Independent,130,0
2024,AC,HR,FATEHABAD,18,SUDHIR,Independent,375,0
2024,AC,HR,FATEHABAD,19,NOTA,None of the Above,712,6
2024,AC,HR,RATIA,1,JARNAIL SINGH,Indian National Congress,85883,543
2024,AC,HR,RATIA,2,MUKHTYAR SINGH BAZIGAR,Aam Aadmi Party,3269,11
2024,AC,HR,RATIA,3,RAMESH,Jannayak Janta Party,993,7
2024,AC,HR,RATIA,4,RAMSARUP RAMA,Indian National Lok Dal,5731,38
2024,AC,HR,RATIA,5,SUNITA DUGGAL,Bharatiya Janata Party,64751,233
2024,AC,HR,RATIA,6,SURJIT SINGH PARDHAN,Peoples Party of India (Democratic),540,0
2024,AC,HR,RATIA,7,TEJPAL,Independent,609,1
2024,AC,HR,RATIA,8,RAJ KUMAR,Independent,396,0
2024,AC,HR,RATIA,9,RAJBIR,Independent,219,1
2024,AC,HR,RATIA,10,SURENDER KUMAR PHOOLAN,Independent,228,1
2024,AC,HR,RATIA,11,NOTA,None of the Above,1047,3
2024,AC,HR,KALANWALI,1,GURJANT SINGH,Jannayak Janta Party,1399,6
2024,AC,HR,KALANWALI,2,GURTEJ SINGH,Indian National Lok Dal,24033,167
2024,AC,HR,KALANWALI,3,JASDEV SINGH,Aam Aadmi Party,3612,17
2024,AC,HR,KALANWALI,4,RAJINDER SINGH DESUJODHA,Bharatiya Janata Party,43623,146
2024,AC,HR,KALANWALI,5,SHISHPAL KEHARWALA,Indian National Congress,66335,393
2024,AC,HR,KALANWALI,6,NOTA,None of the Above,847,5
2024,AC,HR,DABWALI,1,ADITYA DEVILAL,Indian National Lok Dal,55716,358
2024,AC,HR,DABWALI,2,AMIT SIHAG,Indian National Congress,54955,509
2024,AC,HR,DABWALI,3,KULDEEP SINGH GADRANA,Aam Aadmi Party,6567,39
2024,AC,HR,DABWALI,4,DIGVIJAY SINGH CHAUTALA,Jannayak Janta Party,35180,81
2024,AC,HR,DABWALI,5,BALDEV SINGH MANGIANA,Bharatiya Janata Party,7051,88
2024,AC,HR,DABWALI,6,KULVEER SHAANT INSAN,Peoples Party of India (Democratic),107,1
2024,AC,HR,DABWALI,7,DANA RAM,Bhartiya Shakti Chetna Party,101,0
2024,AC,HR,DABWALI,8,ANKIT KUMAR,Independent,93,0
2024,AC,HR,DABWALI,9,KHEM CHAND,Independent,281,1
2024,AC,HR,DABWALI,10,GURVINDER SINGH,Independent,270,0
2024,AC,HR,DABWALI,11,GULJARI LAL,Independent,197,2
2024,AC,HR,DABWALI,12,RAJESH KUMAR,Independent,478,2
2024,AC,HR,DABWALI,13,NOTA,None of the Above,852,4
2024,AC,HR,RANIA,1,ARJUN CHAUTALA,Indian National Lok Dal,43719,195
2024,AC,HR,RANIA,2,SHEESHPAL KAMBOJ,Bharatiya Janata Party,15622,85
2024,AC,HR,RANIA,3,SARV MITTER,Indian National Congress,39491,232
2024,AC,HR,RANIA,4,HARPINDER SINGH,Aam Aadmi Party,4680,17
2024,AC,HR,RANIA,5,DALBIR SINGH,Peoples Party of India (Democratic),242,0
2024,AC,HR,RANIA,6,LUCKY BALMIKI,Jan Sewak Kranti Party,140,0
2024,AC,HR,RANIA,7,SANJAY MALIK,Haryana Lokhit Party,477,0
2024,AC,HR,RANIA,8,ARJUN DASS,Independent,92,0
2024,AC,HR,RANIA,9,GAGAN DEEP JALANDHRA,Independent,936,6
2024,AC,HR,RANIA,10,GOTTAM SAHARAN,Independent,247,1
2024,AC,HR,RANIA,11,JOGINDER RAM,Independent,435,1
2024,AC,HR,RANIA,12,RANJIT SINGH,Independent,36313,88
2024,AC,HR,RANIA,13,VIKRAM KHARIAN,Independent,452,3
2024,AC,HR,RANIA,14,SATPAL VERMA,Independent,271,0
2024,AC,HR,RANIA,15,NOTA,None of the Above,656,1
2024,AC,HR,SIRSA,1,GOKUL SETIA,Indian National Congress,78466,554
2024,AC,HR,SIRSA,2,PAWAN SHERPURA,Jannayak Janta Party,1751,11
2024,AC,HR,SIRSA,3,SHYAM SUNDER,Aam Aadmi Party,846,7
2024,AC,HR,SIRSA,4,GOPAL KANDA,Haryana Lokhit Party,71566,220
2024,AC,HR,SIRSA,5,JAIVEER SINGH,Buland Bharat Party,284,0
2024,AC,HR,SIRSA,6,MANI RAM,Liberal Socialist Party,246,0
2024,AC,HR,SIRSA,7,YOGESH ODD,Jan Sewak Kranti Party,163,2
2024,AC,HR,SIRSA,8,OM PARKASH,Independent,79,4
2024,AC,HR,SIRSA,9,CA DARVESH SWAMI,Independent,1167,15
2024,AC,HR,SIRSA,10,BHARAT KUMAR GIRDHAR @ SUNNY SINGH,Independent,577,0
2024,AC,HR,SIRSA,11,MADAN LAL,Independent,446,2
2024,AC,HR,SIRSA,12,YOGESH KANODIA,Independent,208,0
2024,AC,HR,SIRSA,13,RAJBEER,Independent,302,0
2024,AC,HR,SIRSA,14,NOTA,None of the Above,1110,5
2024,AC,HR,ELLENABAD,1,ANJANI LADHA,Jannayak Janta Party,1588,5
2024,AC,HR,ELLENABAD,2,ABHAY SINGH CHAUTALA,Indian National Lok Dal,62594,271
2024,AC,HR,ELLENABAD,3,AMIR CHAND TALWARA,Bharatiya Janata Party,13192,128
2024,AC,HR,ELLENABAD,4,BHARAT SINGH BENIWAL,Indian National Congress,77455,410
2024,AC,HR,ELLENABAD,5,MANISH ARORA,Aam Aadmi Party,879,6
2024,AC,HR,ELLENABAD,6,NANAK SINGH,Jan Sewak Kranti Party,306,1
2024,AC,HR,ELLENABAD,7,MAYANK GIDRA,Haryana Lokhit Party,182,0
2024,AC,HR,ELLENABAD,8,BALDEV KUMAR,Independent,192,0
2024,AC,HR,ELLENABAD,9,VIKRAM INDORA,Independent,442,1
2024,AC,HR,ELLENABAD,10,SURJEET SINGH,Independent,257,0
2024,AC,HR,ELLENABAD,11,NOTA,None of the Above,537,8
2024,AC,HR,ADAMPUR,1,KRISHAN GANGWA PARJAPATI,Jannayak Janta Party,1288,9
2024,AC,HR,ADAMPUR,2,CHANDER PARKASH S/O ARJUN LAL,Indian National Congress,64955,416
2024,AC,HR,ADAMPUR,3,BHAVYA BISHNOI,Bharatiya Janata Party,63685,418
2024,AC,HR,ADAMPUR,4,BHUPENDER BENIWAL,Aam Aadmi Party,1806,8
2024,AC,HR,ADAMPUR,5,RANDEEP CHOUDARYVAS,Indian National Lok Dal,1853,16
2024,AC,HR,ADAMPUR,6,BALJEET SINGH,Bhartiya Kisan Party,40,0
2024,AC,HR,ADAMPUR,7,AMIT,Independent,29,0
2024,AC,HR,ADAMPUR,8,CHANDER PARKASH S/O RAJA RAM,Independent,51,0
2024,AC,HR,ADAMPUR,9,PARMOD BASWANA,Independent,57,0
2024,AC,HR,ADAMPUR,10,RAJESH KUMAR,Independent,323,0
2024,AC,HR,ADAMPUR,11,RAMPHAL,Independent,197,0
2024,AC,HR,ADAMPUR,12,RENU CHAHAL BALSAMAND,Independent,154,2
2024,AC,HR,ADAMPUR,13,NOTA,None of the Above,388,2
2024,AC,HR,UKLANA,1,ANOOP DHANAK,Bharatiya Janata Party,50069,287
2024,AC,HR,UKLANA,2,NARENDER KHANNA,Aam Aadmi Party,2040,10
2024,AC,HR,UKLANA,3,NARESH SELWAL,Indian National Congress,77580,868
2024,AC,HR,UKLANA,4,BALRAJ SINGH,Indian National Lok Dal,11365,82
2024,AC,HR,UKLANA,5,ROHTASH,Jannayak Janta Party,1212,6
2024,AC,HR,UKLANA,6,ANIL BITHMARA,Haryana Jan Sevak Party,291,0
2024,AC,HR,UKLANA,7,BIRBAL SINGH,Independent,276,2
2024,AC,HR,UKLANA,8,NOTA,None of the Above,619,8
2024,AC,HR,NARNAUND,1,CAPT. ABHIMANYU,Bharatiya Janata Party,71836,387
2024,AC,HR,NARNAUND,2,UMED SINGH LOHAN,Indian National Lok Dal,4585,43
2024,AC,HR,NARNAUND,3,JASSI PETWAR,Indian National Congress,84086,715
2024,AC,HR,NARNAUND,4,YOGESH GAUTAM,Jannayak Janta Party,730,5
2024,AC,HR,NARNAUND,5,RANBIR SINGH LOHAN,Aam Aadmi Party,1050,7
2024,AC,HR,NARNAUND,6,KRISHAN MAJRA,Mission Ekta Party,176,0
2024,AC,HR,NARNAUND,7,BHAI SATISH MASUDPUR,Aam Aadmi Parivartan Party,21,1
2024,AC,HR,NARNAUND,8,AJAY CHAUDHARY,Independent,31,0
2024,AC,HR,NARNAUND,9,JAIBIR S/O CHANDER BHAN,Independent,18,1
2024,AC,HR,NARNAUND,10,JAIBIR ALIAS JAI VIR,Independent,26,0
2024,AC,HR,NARNAUND,11,JASSI JASBIR S/O BANI SINGH,Independent,177,2
2024,AC,HR,NARNAUND,12,DHARAMVIR SAROWA,Independent,278,1
2024,AC,HR,NARNAUND,13,RAVI KUMAR,Independent,240,1
2024,AC,HR,NARNAUND,14,SANDEEP KUMAR,Independent,113,0
2024,AC,HR,NARNAUND,15,NOTA,None of the Above,547,3
2024,AC,HR,HANSI,1,RAVINDER KUMAR,Bahujan Samaj Party,2158,24
2024,AC,HR,HANSI,2,RAJENDER SINGH,Aam Aadmi Party,2325,8
2024,AC,HR,HANSI,3,RAHUL MAKKAR,Indian National Congress,56626,600
2024,AC,HR,HANSI,4,VINOD BHAYANA,Bharatiya Janata Party,78274,412
2024,AC,HR,HANSI,5,SHAMSHER SINGH,Jannayak Janta Party,512,4
2024,AC,HR,HANSI,6,VEERBHAN,Aam Aadmi Parivartan Party,70,2
2024,AC,HR,HANSI,7,AMARJEET,Independent,162,1
2024,AC,HR,HANSI,8,KASHMIRI LAL GROVER,Independent,103,0
2024,AC,HR,HANSI,9,JAI PARKASH,Independent,21,2
2024,AC,HR,HANSI,10,NAVIN,Independent,69,0
2024,AC,HR,HANSI,11,ROHIT,Independent,176,0
2024,AC,HR,HANSI,12,SUMAN KUMAR,Independent,181,1
2024,AC,HR,HANSI,13,HARISH VERMA,Independent,180,0
2024,AC,HR,HANSI,14,NOTA,None of the Above,369,5
2024,AC,HR,BARWALA,1,ANANT RAM,Jannayak Janta Party,477,4
2024,AC,HR,BARWALA,2,PROF. CHHATTAR PAL SINGH,Aam Aadmi Party,2521,22
2024,AC,HR,BARWALA,3,RANBIR GANGWA,Bharatiya Janata Party,66546,297
2024,AC,HR,BARWALA,4,RAMNIWAS GHORELA,Indian National Congress,39376,525
2024,AC,HR,BARWALA,5,SANJANA SATROAD,Indian National Lok Dal,28936,119
2024,AC,HR,BARWALA,6,RAJIV KHATAK,Jan Sewak Kranti Party,355,0
2024,AC,HR,BARWALA,7,BABA DARSHAN GIRI,Independent,179,1
2024,AC,HR,BARWALA,8,RENU DALJEET SINGH,Independent,217,0
2024,AC,HR,BARWALA,9,SUMIT BLODA,Independent,82,0
2024,AC,HR,BARWALA,10,NOTA,None of the Above,428,2
2024,AC,HR,HISAR,1,DR. KAMAL GUPTA,Bharatiya Janata Party,17297,88
2024,AC,HR,HISAR,2,RAVINDER RAVI AHUJA,Jannayak Janta Party,439,0
2024,AC,HR,HISAR,3,RAM NIWAS RARA,Indian National Congress,30002,288
2024,AC,HR,HISAR,4,SHYAM LAL,Indian National Lok Dal,533,3
2024,AC,HR,HISAR,5,SANJAY SATRODIA,Aam Aadmi Party,1997,4
2024,AC,HR,HISAR,6,NAND KISHOR CHAWLA,Sarva Jan Smaj Party (Nand Kishore Chawla),168,0
2024,AC,HR,HISAR,7,SUNIL,Haryana Lokhit Party,47,0
2024,AC,HR,HISAR,8,AJAY SAINI,Independent,40,0
2024,AC,HR,HISAR,9,ANIL KUMAR S/O CHARANJIT LAL,Independent,124,0
2024,AC,HR,HISAR,10,ANIL KUMAR S/O JAGDISH CHANDER SHARMA,Independent,317,0
2024,AC,HR,HISAR,11,ANIL MAHLA,Independent,132,0
2024,AC,HR,HISAR,12,AMIT GROVER,Independent,2008,6
2024,AC,HR,HISAR,13,GAUTAM SARDANA,Independent,6804,27
2024,AC,HR,HISAR,14,TARUN JAIN,Independent,1130,5
2024,AC,HR,HISAR,15,DINESH KUMAR SAINI,Independent,62,0
2024,AC,HR,HISAR,16,PARVEEN KUMAR,Independent,138,0
2024,AC,HR,HISAR,17,PRASHANT YADAV,Independent,218,0
2024,AC,HR,HISAR,18,MAHENDER,Independent,64,0
2024,AC,HR,HISAR,19,RAJENDER,Independent,343,0
2024,AC,HR,HISAR,20,SAVITRI JINDAL,Independent,49036,195
2024,AC,HR,HISAR,21,SUNIL BANSAL,Independent,558,0
2024,AC,HR,HISAR,22,NOTA,None of the Above,415,6
2024,AC,HR,NALWA,1,ANIL MAAN,Indian National Congress,53547,639
2024,AC,HR,NALWA,2,UMESH SHARMA,Aam Aadmi Party,1186,7
2024,AC,HR,NALWA,3,RANDHIR PANIHAR,Bharatiya Janata Party,65890,440
2024,AC,HR,NALWA,4,VIRENDER CHAUDHARY,Jannayak Janta Party,3878,13
2024,AC,HR,NALWA,5,SARWAN KUMAR VERMA,Bahujan Samaj Party,2593,18
2024,AC,HR,NALWA,6,RAJ KUMAR,Rashtravadi Bharat Party,33,1
2024,AC,HR,NALWA,7,ANIL KUMAR,Independent,53,0
2024,AC,HR,NALWA,8,ATAM PARKASH,Independent,23,0
2024,AC,HR,NALWA,9,JAI PRAKASH,Independent,105,1
2024,AC,HR,NALWA,10,PARDUMAN JOSHILA,Independent,141,2
2024,AC,HR,NALWA,11,MAHABIR PRASAD,Independent,201,0
2024,AC,HR,NALWA,12,RAVINDER MANGALI,Independent,171,2
2024,AC,HR,NALWA,13,RAJENDER SINGH,Independent,94,1
2024,AC,HR,NALWA,14,NOTA,None of the Above,502,5
2024,AC,HR,LOHARU,1,ALKA ARYA,Jannayak Janta Party,819,12
2024,AC,HR,LOHARU,2,GEETA BALA,Aam Aadmi Party,792,14
2024,AC,HR,LOHARU,3,JAI PARKASH DALAL,Bharatiya Janata Party,79903,641
2024,AC,HR,LOHARU,4,BHOOP SINGH SHEORAN,Indian National Lok Dal,1183,8
2024,AC,HR,LOHARU,5,RAJBIR FARTIA,Indian National Congress,80530,806
2024,AC,HR,LOHARU,6,AMAR SINGH,Independent,299,0
2024,AC,HR,LOHARU,7,KRISHAN KUMAR,Independent,39,0
2024,AC,HR,LOHARU,8,RAJBIR S/O BEGRAJ,Independent,68,1
2024,AC,HR,LOHARU,9,RAJBIR S/O BHARAT SINGH,Independent,35,0
2024,AC,HR,LOHARU,10,RAJBIR S/O MOOLA RAM,Independent,115,0
2024,AC,HR,LOHARU,11,SANJAY,Independent,188,0
2024,AC,HR,LOHARU,12,SANDEEP SANJAY BALHARA,Independent,319,3
2024,AC,HR,LOHARU,13,SAJJAN BHARDWAJ,Independent,80,1
2024,AC,HR,LOHARU,14,NOTA,None of the Above,258,1
2024,AC,HR,BADHRA,1,UMED SINGH,Bharatiya Janata Party,58605,710
2024,AC,HR,BADHRA,2,YASHVIR,Jannayak Janta Party,1304,17
2024,AC,HR,BADHRA,3,RAKESH CHANDWAS,Aam Aadmi Party,1199,22
2024,AC,HR,BADHRA,4,VIJAY KUMAR,Indian National Lok Dal,1948,19
2024,AC,HR,BADHRA,5,SOMVIR SINGH,Indian National Congress,50809,921
2024,AC,HR,BADHRA,6,MAHENDER JEVALI,Bhartiya Kisan Party,145,5
2024,AC,HR,BADHRA,7,AJIT,Independent,512,0
2024,AC,HR,BADHRA,8,ASHOK,Independent,17,0
2024,AC,HR,BADHRA,9,CHITAR SINGH,Independent,38,3
2024,AC,HR,BADHRA,10,JITENDER SINGH SHEORAIN,Independent,86,2
2024,AC,HR,BADHRA,11,DINESH KUMAR,Independent,68,1
2024,AC,HR,BADHRA,12,VIKASH,Independent,96,0
2024,AC,HR,BADHRA,13,VIDY NAND,Independent,68,3
2024,AC,HR,BADHRA,14,SANDEEP,Independent,195,2
2024,AC,HR,BADHRA,15,SOMVEER GHASOLA,Independent,26570,160
2024,AC,HR,BADHRA,16,NOTA,None of the Above,546,6
2024,AC,HR,DADRI,1,ANAND SHEORAN,Bahujan Samaj Party,1024,12
2024,AC,HR,DADRI,2,DHAN RAJ SINGH,Aam Aadmi Party,1305,34
2024,AC,HR,DADRI,3,MANISHA SANGWAN,Indian National Congress,62625,986
2024,AC,HR,DADRI,4,RAJDEEP SINGH,Jannayak Janta Party,1884,33
2024,AC,HR,DADRI,5,SUNIL SATPAL SANGWAN,Bharatiya Janata Party,64935,633
2024,AC,HR,DADRI,6,RAJPAL,Loktanter Suraksha Party,197,0
2024,AC,HR,DADRI,7,VIKRAM SHARMA,Rashtrawadi Janlok Party (Satya),96,2
2024,AC,HR,DADRI,8,AJIT SINGH,Independent,3328,41
2024,AC,HR,DADRI,9,ANIL KUMAR,Independent,47,0
2024,AC,HR,DADRI,10,ARCHANA,Independent,43,3
2024,AC,HR,DADRI,11,NAVEEN YOGI,Independent,316,3
2024,AC,HR,DADRI,12,MANJEET,Independent,109,0
2024,AC,HR,DADRI,13,RAMSHARAN PHOGAT,Independent,28,1
2024,AC,HR,DADRI,14,LALIT KUMAR,Independent,241,4
2024,AC,HR,DADRI,15,SANJAY CHHAPARIA,Independent,3685,28
2024,AC,HR,DADRI,16,SATENDER SINGH,Independent,123,2
2024,AC,HR,DADRI,17,SUNIL KUMAR,Independent,69,1
2024,AC,HR,DADRI,18,HEMANT,Independent,33,1
2024,AC,HR,DADRI,19,NOTA,None of the Above,425,7
2024,AC,HR,BHIWANI,1,INDU,Aam Aadmi Party,17435,138
2024,AC,HR,BHIWANI,2,OM PRAKASH,Communist Party of India (Marxist),33775,598
2024,AC,HR,BHIWANI,3,KARAMBIR YADAV,Indian National Lok Dal,1017,29
2024,AC,HR,BHIWANI,4,GHANSHYAM SARAF,Bharatiya Janata Party,66508,579
2024,AC,HR,BHIWANI,5,PAWAN FOUJI,Rashtriya Bhagidari Samaj Party,1318,21
2024,AC,HR,BHIWANI,6,COMRADE RAJ KUMAR,Socialist Unity Centre Of India (COMMUNIST),611,12
2024,AC,HR,BHIWANI,7,ABHIJEET LAL SINGH,Independent,15737,73
2024,AC,HR,BHIWANI,8,ANAND KUMAR,Independent,88,1
2024,AC,HR,BHIWANI,9,JAGAT SINGH,Independent,62,0
2024,AC,HR,BHIWANI,10,JOGENDER,Independent,83,1
2024,AC,HR,BHIWANI,11,PANKAJ TAYAL,Independent,56,1
2024,AC,HR,BHIWANI,12,DR. PAWAN KUMAR SHARMA,Independent,217,1
2024,AC,HR,BHIWANI,13,PRIYA ASIJA,Independent,3638,22
2024,AC,HR,BHIWANI,14,MAHABIR BOHRA,Independent,94,3
2024,AC,HR,BHIWANI,15,RAJEEV,Independent,1812,13
2024,AC,HR,BHIWANI,16,RAM AVTAR SHARMA,Independent,252,0
2024,AC,HR,BHIWANI,17,RAM KUMAR,Independent,281,0
2024,AC,HR,BHIWANI,18,SATISH KUMAR,Independent,312,2
2024,AC,HR,BHIWANI,19,NOTA,None of the Above,453,11
2024,AC,HR,TOSHAM,1,ANIRUDH CHAUDHARY,Indian National Congress,61417,740
2024,AC,HR,TOSHAM,2,OM SINGH,Bahujan Samaj Party,1623,22
2024,AC,HR,TOSHAM,3,DALJEET SINGH,Aam Aadmi Party,513,6
2024,AC,HR,TOSHAM,4,RAJESH BHARDWAJ,Jannayak Janta Party,2157,18
2024,AC,HR,TOSHAM,5,SHRUTI CHOUDHRY,Bharatiya Janata Party,75728,686
2024,AC,HR,TOSHAM,6,PARDEEP,Bahujan Mukti Party,189,1
2024,AC,HR,TOSHAM,7,BABA BALWAN NATH,Peoples Party of India (Democratic),161,1
2024,AC,HR,TOSHAM,8,VIJENDER SINGH,Rashtrawadi Janlok Party (Satya),59,0
2024,AC,HR,TOSHAM,9,SUBHASH CHANDER,Rashtriya Janhit Vikas Party,199,1
2024,AC,HR,TOSHAM,10,ANIL KUMAR,Independent,49,0
2024,AC,HR,TOSHAM,11,KRISHAN KUMAR,Independent,143,0
2024,AC,HR,TOSHAM,12,PUSHPA DEVI,Independent,317,1
2024,AC,HR,TOSHAM,13,BALWAN SINGH,Independent,86,2
2024,AC,HR,TOSHAM,14,RAJNISH KUMAR,Independent,224,0
2024,AC,HR,TOSHAM,15,SHASHI RANJAN PARMAR,Independent,15776,83
2024,AC,HR,TOSHAM,16,NOTA,None of the Above,486,4
2024,AC,HR,BAWANI KHERA,1,KAPOOR SINGH,Bharatiya Janata Party,79433,644
2024,AC,HR,BAWANI KHERA,2,GUDDI LANGYAN,Jannayak Janta Party,986,11
2024,AC,HR,BAWANI KHERA,3,DHARAMBIR,Aam Aadmi Party,626,20
2024,AC,HR,BAWANI KHERA,4,PRADEEP NARWAL,Indian National Congress,57559,739
2024,AC,HR,BAWANI KHERA,5,SANDEEP SINGH JANAGAL,Bahujan Samaj Party,1116,12
2024,AC,HR,BAWANI KHERA,6,MANJU DHANAK,Aam Aadmi Parivartan Party,88,5
2024,AC,HR,BAWANI KHERA,7,VIKAS,Rashtrawadi Janlok Party (Satya),60,0
2024,AC,HR,BAWANI KHERA,8,RAMESH KUMAR,Independent,131,0
2024,AC,HR,BAWANI KHERA,9,RAVITA SATBIR RATERA,Independent,123,5
2024,AC,HR,BAWANI KHERA,10,MASTER SATBIR RATERA,Independent,11221,66
2024,AC,HR,BAWANI KHERA,11,NOTA,None of the Above,513,11
2024,AC,HR,MEHAM,1,DEEPAK HOODA,Bharatiya Janata Party,8767,162
2024,AC,HR,MEHAM,2,BALRAM DANGI,Indian National Congress,56079,786
2024,AC,HR,MEHAM,3,VIKASH NEHRA,Aam Aadmi Party,8564,46
2024,AC,HR,MEHAM,4,HAWA SINGH,Bahujan Samaj Party,1423,17
2024,AC,HR,MEHAM,5,KRISHAN,Peoples Party of India (Democratic),94,0
2024,AC,HR,MEHAM,6,KRISHAN KUMAR,Aam Aadmi Parivartan Party,223,0
2024,AC,HR,MEHAM,7,BALRAJ KUNDU,Haryana Jan Sevak Party,38605,200
2024,AC,HR,MEHAM,8,VISHESH BAMEL,Bharatiya Asha Party,318,1
2024,AC,HR,MEHAM,9,KRISHAN,Independent,63,1
2024,AC,HR,MEHAM,10,JALKARAN BALHARA,Independent,132,0
2024,AC,HR,MEHAM,11,DAYA KRISHAN,Independent,52,0
2024,AC,HR,MEHAM,12,NARESH,Independent,236,0
2024,AC,HR,MEHAM,13,NEERAJ,Independent,67,0
2024,AC,HR,MEHAM,14,BALBIR SINGH,Independent,3382,17
2024,AC,HR,MEHAM,15,MAHENDER SINGH,Independent,156,0
2024,AC,HR,MEHAM,16,MUKESH KUMAR,Independent,267,0
2024,AC,HR,MEHAM,17,RANBIR SINGH,Independent,132,0
2024,AC,HR,MEHAM,18,RADHA AHLAWAT,Independent,29112,99
2024,AC,HR,MEHAM,19,VIKASH,Independent,141,0
2024,AC,HR,MEHAM,20,NOTA,None of the Above,346,7
2024,AC,HR,GARHI SAMPLA - KILOI,1,KRISHAN,Indian National Lok Dal,1483,13
2024,AC,HR,GARHI SAMPLA - KILOI,2,PARVEEN,Aam Aadmi Party,883,12
2024,AC,HR,GARHI SAMPLA - KILOI,3,BHUPINDER SINGH HOODA,Indian National Congress,107520,1019
2024,AC,HR,GARHI SAMPLA - KILOI,4,MANJU,Bharatiya Janata Party,36894,180
2024,AC,HR,GARHI SAMPLA - KILOI,5,SUSHILA DEVI,Jannayak Janta Party,477,3
2024,AC,HR,GARHI SAMPLA - KILOI,6,AMIT HOODA,Independent,72,0
2024,AC,HR,GARHI SAMPLA - KILOI,7,BIJENDER SINGH,Independent,155,0
2024,AC,HR,GARHI SAMPLA - KILOI,8,MUKESH,Independent,148,0
2024,AC,HR,GARHI SAMPLA - KILOI,9,SANJAY,Independent,75,1
2024,AC,HR,GARHI SAMPLA - KILOI,10,NOTA,None of the Above,310,3
2024,AC,HR,ROHTAK,1,JITENDER BALHARA,Jannayak Janta Party,268,0
2024,AC,HR,ROHTAK,2,DILOUR MEHRA,Indian National Lok Dal,423,5
2024,AC,HR,ROHTAK,3,BIJENDER HOODA,Aam Aadmi Party,1180,8
2024,AC,HR,ROHTAK,4,BHARAT BHUSHAN BATRA,Indian National Congress,58830,589
2024,AC,HR,ROHTAK,5,MANISH KUMAR GROVER,Bharatiya Janata Party,57805,273
2024,AC,HR,ROHTAK,6,PARVEEN KUMAR,Yuga Thulasi Party,171,1
2024,AC,HR,ROHTAK,7,MANISHA MOKHRA,Socialist Unity Centre Of India (COMMUNIST),58,0
2024,AC,HR,ROHTAK,8,MAHENDER BAGRI,Mission Ekta Party,138,0
2024,AC,HR,ROHTAK,9,ASHWANI MALIK,Independent,38,0
2024,AC,HR,ROHTAK,10,ANAND KUMAR,Independent,30,0
2024,AC,HR,ROHTAK,11,NAVDEEP SINGH RAMAN,Independent,27,0
2024,AC,HR,ROHTAK,12,BISHAMBER KUMAR,Independent,98,0
2024,AC,HR,ROHTAK,13,BHARAT BHUSHAN,Independent,86,1
2024,AC,HR,ROHTAK,14,YASHPAL,Independent,32,0
2024,AC,HR,ROHTAK,15,SURENDER KUMAR,Independent,18,0
2024,AC,HR,ROHTAK,16,NOTA,None of the Above,564,5
2024,AC,HR,KALANAUR,1,NARESH BAGRI,Aam Aadmi Party,1053,9
2024,AC,HR,KALANAUR,2,POONAM NIGANA,Bahujan Samaj Party,1382,12
2024,AC,HR,KALANAUR,3,MAHENDER SUNDANA,Jannayak Janta Party,1181,10
2024,AC,HR,KALANAUR,4,RENU DABLA,Bharatiya Janata Party,56861,255
2024,AC,HR,KALANAUR,5,SHAKUNTLA KHATAK,Indian National Congress,68817,531
2024,AC,HR,KALANAUR,6,BABA ISHWAR NATH,Aam Aadmi Parivartan Party,219,2
2024,AC,HR,KALANAUR,7,OM PARKASH,Peoples Party of India (Democratic),119,0
2024,AC,HR,KALANAUR,8,MANJEET,Haryana Jan Sevak Party,236,1
2024,AC,HR,KALANAUR,9,RANBIR,Nationalist Congress Party,51,5
2024,AC,HR,KALANAUR,10,DEEPAK SINGH,Independent,331,2
2024,AC,HR,KALANAUR,11,PREM PRADHAN,Independent,11342,73
2024,AC,HR,KALANAUR,12,VINOD,Independent,115,0
2024,AC,HR,KALANAUR,13,SNEH ARYA,Independent,225,0
2024,AC,HR,KALANAUR,14,NOTA,None of the Above,425,4
2024,AC,HR,BAHADURGARH,1,KULDEEP SINGH CHHIKARA,Aam Aadmi Party,959,7
2024,AC,HR,BAHADURGARH,2,DINESH KAUSHIK,Bharatiya Janata Party,31064,128
2024,AC,HR,BAHADURGARH,3,RAJINDER SINGH JOON,Indian National Congress,28735,220
2024,AC,HR,BAHADURGARH,4,SHEELA NAFE SINGH RATHEE,Indian National Lok Dal,17475,36
2024,AC,HR,BAHADURGARH,5,ARUN GOYAL,Independent,81,0
2024,AC,HR,BAHADURGARH,6,CHESTA,Independent,66,0
2024,AC,HR,BAHADURGARH,7,PARVEEN KUMAR,Independent,93,1
2024,AC,HR,BAHADURGARH,8,MAHENDER,Independent,254,1
2024,AC,HR,BAHADURGARH,9,RAMESH DALAL,Independent,4726,19
2024,AC,HR,BAHADURGARH,10,RAJESH KUMAR S/O CHATTAR SINGH,Independent,512,0
2024,AC,HR,BAHADURGARH,11,RAJESH KUMAR S/O RAMDIYA,Independent,487,0
2024,AC,HR,BAHADURGARH,12,RAJESH JOON,Independent,73087,104
2024,AC,HR,BAHADURGARH,13,ROHIT KUMAR,Independent,292,2
2024,AC,HR,BAHADURGARH,14,SUNITA,Independent,187,0
2024,AC,HR,BAHADURGARH,15,NOTA,None of the Above,563,1
2024,AC,HR,BADLI,1,OMPRAKASH DHANKAR,Bharatiya Janata Party,51052,288
2024,AC,HR,BADLI,2,KULDEEP VATS,Indian National Congress,67555,605
2024,AC,HR,BADLI,3,KRISHAN KUMAR,Jannayak Janta Party,517,2
2024,AC,HR,BADLI,4,HARPAL SINGH,Aam Aadmi Party,595,6
2024,AC,HR,BADLI,5,AJIT GULIA JEETE,Independent,10799,21
2024,AC,HR,BADLI,6,AMIT KUMAR,Independent,123,1
2024,AC,HR,BADLI,7,POONAM,Independent,40,3
2024,AC,HR,BADLI,8,VIRENDER SINGH BILU,Independent,79,2
2024,AC,HR,BADLI,9,SANDEEP,Independent,200,1
2024,AC,HR,BADLI,10,NOTA,None of the Above,407,4
2024,AC,HR,JHAJJAR,1,KAPTAN BIRDHANA,Bharatiya Janata Party,52346,444
2024,AC,HR,JHAJJAR,2,GEETA BHUKKAL,Indian National Congress,65325,1020
2024,AC,HR,JHAJJAR,3,DHARAMBIR SINGH,Bahujan Samaj Party,808,8
2024,AC,HR,JHAJJAR,4,NASEEB SONU,Jannayak Janta Party,1826,10
2024,AC,HR,JHAJJAR,5,MAHINDER DAHIYA,Aam Aadmi Party,730,8
2024,AC,HR,JHAJJAR,6,JAIDEEP,Republican Party of India (A),193,0
2024,AC,HR,JHAJJAR,7,NARENDER SINGH FAUJI,Independent,135,8
2024,AC,HR,JHAJJAR,8,RAJAL,Independent,80,2
2024,AC,HR,JHAJJAR,9,SANJAY,Independent,28,1
2024,AC,HR,JHAJJAR,10,SATBIR CHUMBAK ADVOCATE,Independent,67,0
2024,AC,HR,JHAJJAR,11,SUNIL KUMAR,Independent,153,0
2024,AC,HR,JHAJJAR,12,NOTA,None of the Above,444,5
2024,AC,HR,BERI,1,PERMOD,Indian National Lok Dal,2157,14
2024,AC,HR,BERI,2,RAGHUVIR SINGH KADIAN,Indian National Congress,59956,674
2024,AC,HR,BERI,3,SANJAY KUMAR,Bharatiya Janata Party,24969,191
2024,AC,HR,BERI,4,SUNIL,Jannayak Janta Party,1108,11
2024,AC,HR,BERI,5,SONU,Aam Aadmi Party,1671,11
2024,AC,HR,BERI,6,AMIT KUMAR,Independent,24546,80
2024,AC,HR,BERI,7,INDERJEET SUHAG,Independent,2154,8
2024,AC,HR,BERI,8,GOWARDHAN SINGH,Independent,1125,2
2024,AC,HR,BERI,9,NOTA,None of the Above,282,7
2024,AC,HR,ATELI,1,ATTAR LAL,Bahujan Samaj Party,54274,378
2024,AC,HR,ATELI,2,ANITA YADAV,Indian National Congress,29474,563
2024,AC,HR,ATELI,3,AAYUSHI ABHIMANYU RAO,Jannayak Janta Party,1728,20
2024,AC,HR,ATELI,4,ARTI SINGH RAO,Bharatiya Janata Party,56774,963
2024,AC,HR,ATELI,5,SUNEEL RAO,Aam Aadmi Party,209,11
2024,AC,HR,ATELI,6,COMRADE OM PARKASH,Socialist Unity Centre Of India (COMMUNIST),183,2
2024,AC,HR,ATELI,7,JOGENDER FOUJI,Independent,154,13
2024,AC,HR,ATELI,8,SADHNA,Independent,71,5
2024,AC,HR,ATELI,9,NOTA,None of the Above,408,10
2024,AC,HR,MAHENDRAGARH,1,KANWAR SINGH,Bharatiya Janata Party,62000,1036
2024,AC,HR,MAHENDRAGARH,2,RAO DAN SINGH,Indian National Congress,59257,1131
2024,AC,HR,MAHENDRAGARH,3,DR. MANISH YADAV,Aam Aadmi Party,1702,38
2024,AC,HR,MAHENDRAGARH,4,SURENDER KAUSHIK,Indian National Lok Dal,3900,33
2024,AC,HR,MAHENDRAGARH,5,RAKESH SINGH,Rashtrawadi Janlok Party (Satya),845,5
2024,AC,HR,MAHENDRAGARH,6,VISHNU YADAV,Bharatiya Asha Party,137,5
2024,AC,HR,MAHENDRAGARH,7,SHASHI KUMAR,Aazad Samaj Party (Kanshi Ram),455,9
2024,AC,HR,MAHENDRAGARH,8,NARENDER KUMAR,Independent,45,0
2024,AC,HR,MAHENDRAGARH,9,PUSHKAR RAJ GUPTA,Independent,70,1
2024,AC,HR,MAHENDRAGARH,10,BALWAN FAUJI,Independent,1652,43
2024,AC,HR,MAHENDRAGARH,11,DR. BHUP SINGH YADAV,Independent,1471,17
2024,AC,HR,MAHENDRAGARH,12,VED PRAKASH,Independent,294,0
2024,AC,HR,MAHENDRAGARH,13,SANDEEP SINGH,Independent,20651,183
2024,AC,HR,MAHENDRAGARH,14,NOTA,None of the Above,417,4
2024,AC,HR,NARNAUL,1,OM PRAKASH YADAV,Bharatiya Janata Party,56847,788
2024,AC,HR,NARNAUL,2,NAR SINGH,Indian National Lok Dal,437,11
2024,AC,HR,NARNAUL,3,RAO NARENDER SINGH,Indian National Congress,39746,718
2024,AC,HR,NARNAUL,4,RAVINDER SINGH MATRU,Aam Aadmi Party,6148,40
2024,AC,HR,NARNAUL,5,SURESH KUMAR SAINI,Jannayak Janta Party,436,4
2024,AC,HR,NARNAUL,6,TEJ PRAKASH,Bhartiya Shakti Chetna Party,113,1
2024,AC,HR,NARNAUL,7,VIKAS,Right to Recall Party,56,0
2024,AC,HR,NARNAUL,8,UMAKANT,Independent,280,6
2024,AC,HR,NARNAUL,9,KRISHAN KUMAR,Independent,205,6
2024,AC,HR,NARNAUL,10,KRISHAN KUMAR,Independent,144,4
2024,AC,HR,NARNAUL,11,SABHARAM,Independent,51,0
2024,AC,HR,NARNAUL,12,NOTA,None of the Above,524,11
2024,AC,HR,NANGAL CHAUDHRY,1,DR. ABHE SINGH YADAV,Bharatiya Janata Party,54209,850
2024,AC,HR,NANGAL CHAUDHRY,2,RAO OM PRAKASH ENGINEER,Jannayak Janta Party,568,8
2024,AC,HR,NANGAL CHAUDHRY,3,MANJU CHOUDHARY,Indian National Congress,61237,752
2024,AC,HR,NANGAL CHAUDHRY,4,SAGAR CHAUHAN,Veer Lakshya Party,353,0
2024,AC,HR,NANGAL CHAUDHRY,5,KARTAR SINGH,Independent,101,9
2024,AC,HR,NANGAL CHAUDHRY,6,NOTA,None of the Above,382,4
2024,AC,HR,BAWAL,1,DR. KRISHAN KUMAR,Bharatiya Janata Party,86119,739
2024,AC,HR,BAWAL,2,JAWAHAR LAL,Aam Aadmi Party,563,18
2024,AC,HR,BAWAL,3,DR. M.L. RANGA,Indian National Congress,66228,619
2024,AC,HR,BAWAL,4,SAMPAT RAM DAHANWAL,Indian National Lok Dal,1427,13
2024,AC,HR,BAWAL,5,DR. LEKHRAM MEHRA,Loktanter Suraksha Party,107,0
2024,AC,HR,BAWAL,6,INDER SINGH,Independent,64,3
2024,AC,HR,BAWAL,7,BALJEET,Independent,162,3
2024,AC,HR,BAWAL,8,MANGAT RAM,Independent,165,1
2024,AC,HR,BAWAL,9,RAJ NARAYAN,Independent,167,3
2024,AC,HR,BAWAL,10,SUNIL KUMAR,Independent,249,2
2024,AC,HR,BAWAL,11,NOTA,None of the Above,475,8
2024,AC,HR,KOSLI,1,ANIL YADAV,Bharatiya Janata Party,90888,1297
2024,AC,HR,KOSLI,2,JAGDISH YADAV,Indian National Congress,73744,1232
2024,AC,HR,KOSLI,3,RAJ KUMAR,Bahujan Samaj Party,551,12
2024,AC,HR,KOSLI,4,LAVINDER SINGH,Jannayak Janta Party,306,4
2024,AC,HR,KOSLI,5,TEJPAL YADAV KOSLI,Buland Bharat Party,76,4
2024,AC,HR,KOSLI,6,NAVAL SINGH,Right to Recall Party,54,1
2024,AC,HR,KOSLI,7,BHAGIRATH DABLA BOHTWAS,Bhartiya Janraj Party,35,6
2024,AC,HR,KOSLI,8,COMRADE RAMKUMAR NIMOTH,Socialist Unity Centre Of India (COMMUNIST),265,8
2024,AC,HR,KOSLI,9,SATYAVIR SINGH AMBEDKAR,Republican Party of India,223,7
2024,AC,HR,KOSLI,10,ANIL KUMAR,Independent,50,6
2024,AC,HR,KOSLI,11,ARTI RAO,Independent,68,20
2024,AC,HR,KOSLI,12,INDERJEET,Independent,29,2
2024,AC,HR,KOSLI,13,KARAMJEET,Independent,60,8
2024,AC,HR,KOSLI,14,MANOJ KOSLIA,Independent,7196,106
2024,AC,HR,KOSLI,15,MUKESH KUMAR,Independent,190,1
2024,AC,HR,KOSLI,16,SANTOSH,Independent,292,1
2024,AC,HR,KOSLI,17,HARIOM YADAV KOSLIA,Independent,650,4
2024,AC,HR,KOSLI,18,NOTA,None of the Above,695,20
2024,AC,HR,REWARI,1,CHIRANJEEV RAO,Indian National Congress,54365,613
2024,AC,HR,REWARI,2,LAXMAN SINGH YADAV,Bharatiya Janata Party,83236,511
2024,AC,HR,REWARI,3,SATISH YADAV,Aam Aadmi Party,18365,62
2024,AC,HR,REWARI,4,SOMANY VIJAY,Bahujan Samaj Party,751,6
2024,AC,HR,REWARI,5,KARTAR SINGH THEKEDAR,Peoples Party of India (Democratic),153,1
2024,AC,HR,REWARI,6,MOKI DEVI,Aazad Samaj Party (Kanshi Ram),204,2
2024,AC,HR,REWARI,7,RANBIR SINGH,Rashtriya Lokswaraj Party,174,0
2024,AC,HR,REWARI,8,OMDUTT YADAV,Independent,54,0
2024,AC,HR,REWARI,9,RAO JITENDER KUMAR,Independent,84,2
2024,AC,HR,REWARI,10,PRASHANT SUNNY YADAV,Independent,7731,56
2024,AC,HR,REWARI,11,SANJAY SHARMA,Independent,276,2
2024,AC,HR,REWARI,12,SHISHUPAL,Independent,350,4
2024,AC,HR,REWARI,13,NOTA,None of the Above,661,4
2024,AC,HR,PATAUDI,1,AMARNATH J. E.,Jannayak Janta Party,952,11
2024,AC,HR,PATAUDI,2,PEARL CHOUDHARY,Indian National Congress,51748,241
2024,AC,HR,PATAUDI,3,PAWAN KUMAR BHORA,Indian National Lok Dal,3194,20
2024,AC,HR,PATAUDI,4,PARDEEP JATAULI,Aam Aadmi Party,1855,19
2024,AC,HR,PATAUDI,5,BIMLA CHAUDHARY,Bharatiya Janata Party,98045,474
2024,AC,HR,PATAUDI,6,GURDASS,Independent,378,3
2024,AC,HR,PATAUDI,7,SATYAVIR JANAULA,Independent,280,5
2024,AC,HR,PATAUDI,8,NOTA,None of the Above,662,6
2024,AC,HR,BADSHAHPUR,1,JOGINDER SINGH,Bahujan Samaj Party,1561,0
2024,AC,HR,BADSHAHPUR,2,RAO NARBIR SINGH,Bharatiya Janata Party,145248,255
2024,AC,HR,BADSHAHPUR,3,BIR SINGH BIRU SARPANCH,Aam Aadmi Party,12934,9
2024,AC,HR,BADSHAHPUR,4,VARDHAN YADAV,Indian National Congress,84636,162
2024,AC,HR,BADSHAHPUR,5,SURENDER KUMAR,Jannayak Janta Party,441,0
2024,AC,HR,BADSHAHPUR,6,CHANDERPAL,Bhartiya Shakti Chetna Party,155,0
2024,AC,HR,BADSHAHPUR,7,COMRADE BALWAN SINGH,Socialist Unity Centre Of India (COMMUNIST),3038,0
2024,AC,HR,BADSHAHPUR,8,KUMUDNI RAKESH DAULTABAD,Independent,30833,52
2024,AC,HR,BADSHAHPUR,9,RAVINDER YADAV,Independent,403,0
2024,AC,HR,BADSHAHPUR,10,RAKESH BHARDWAJ,Independent,159,0
2024,AC,HR,BADSHAHPUR,11,RAMBHAGAT YADAV,Independent,192,0
2024,AC,HR,BADSHAHPUR,12,VINOD KUMAR,Independent,179,0
2024,AC,HR,BADSHAHPUR,13,SATISH,Independent,225,0
2024,AC,HR,BADSHAHPUR,14,NOTA,None of the Above,1802,1
2024,AC,HR,GURGAON,1,ASHOK JANGRA,Jannayak Janta Party,219,1
2024,AC,HR,GURGAON,2,GAURAV BHATI,Indian National Lok Dal,395,1
2024,AC,HR,GURGAON,3,DR. NISHANT ANAND,Aam Aadmi Party,2169,8
2024,AC,HR,GURGAON,4,MUKESH SHARMA,Bharatiya Janata Party,122301,314
2024,AC,HR,GURGAON,5,MOHIT GROVER,Indian National Congress,46784,163
2024,AC,HR,GURGAON,6,ANKIT ALAGH JAN SEWAK,Jan Sewak Kranti Party,516,1
2024,AC,HR,GURGAON,7,JAWAHAR LAL,Nehru Janhit Congress,67,0
2024,AC,HR,GURGAON,8,RAJESH SHEORAN,Bhartiya Kisan Party,51,0
2024,AC,HR,GURGAON,9,AKSHAT GAIT,Independent,41,1
2024,AC,HR,GURGAON,10,NARENDER KUMAR,Independent,154,0
2024,AC,HR,GURGAON,11,NARESH KUMAR BATRA,Independent,261,0
2024,AC,HR,GURGAON,12,NAVEEN GOYAL,Independent,54512,58
2024,AC,HR,GURGAON,13,MAHABIR SINGH,Independent,213,1
2024,AC,HR,GURGAON,14,MUKESH SHARMA,Independent,246,0
2024,AC,HR,GURGAON,15,SANJAY LAL,Independent,221,0
2024,AC,HR,GURGAON,16,SUNIL,Independent,260,0
2024,AC,HR,GURGAON,17,SOHAN LAL SHARMA,Independent,71,0
2024,AC,HR,GURGAON,18,NOTA,None of the Above,1070,5
2024,AC,HR,SOHNA,1,TEJPAL TANWAR,Bharatiya Janata Party,60994,249
2024,AC,HR,SOHNA,2,DHARMENDRA KHATANA,Aam Aadmi Party,2852,5
2024,AC,HR,SOHNA,3,ROHTAS SINGH,Indian National Congress,49177,189
2024,AC,HR,SOHNA,4,SUNDER BHADANA,Bahujan Samaj Party,15454,22
2024,AC,HR,SOHNA,5,ATAULLAH KHAN,Loktanter Suraksha Party,506,2
2024,AC,HR,SOHNA,6,VINESH GUJJAR GHATA,Aazad Samaj Party (Kanshi Ram),2037,3
2024,AC,HR,SOHNA,7,KALYAN SINGH,Independent,21703,51
2024,AC,HR,SOHNA,8,JAVED AHMED,Independent,49171,39
2024,AC,HR,SOHNA,9,DAYARAM,Independent,256,0
2024,AC,HR,SOHNA,10,SUBHASH CHAND,Independent,252,0
2024,AC,HR,SOHNA,11,NOTA,None of the Above,599,1
2024,AC,HR,NUH,1,AFTAB AHMED,Indian National Congress,91697,136
2024,AC,HR,NUH,2,TAHIR HUSSAIN,Indian National Lok Dal,44826,44
2024,AC,HR,NUH,3,BIRENDER,Jannayak Janta Party,1565,5
2024,AC,HR,NUH,4,RABIA KIDWAI,Aam Aadmi Party,212,10
2024,AC,HR,NUH,5,SANJAY SINGH,Bharatiya Janata Party,15810,92
2024,AC,HR,NUH,6,ANWAR,Bharat Jodo Party,190,0
2024,AC,HR,NUH,7,NOTA,None of the Above,367,2
2024,AC,HR,FEROZEPUR JHIRKA,1,JAAN MOHAMMAD,Jannayak Janta Party,719,1
2024,AC,HR,FEROZEPUR JHIRKA,2,NASEEM AHMED,Bharatiya Janata Party,31958,98
2024,AC,HR,FEROZEPUR JHIRKA,3,MAMMAN KHAN,Indian National Congress,130286,211
2024,AC,HR,FEROZEPUR JHIRKA,4,MOHAMMAD HABIB,Indian National Lok Dal,15625,13
2024,AC,HR,FEROZEPUR JHIRKA,5,WASEEM ZAFFER,Aam Aadmi Party,233,1
2024,AC,HR,FEROZEPUR JHIRKA,6,NARENDER KUMAR,Independent,256,1
2024,AC,HR,FEROZEPUR JHIRKA,7,MUMTAJ AHMED,Independent,1139,3
2024,AC,HR,FEROZEPUR JHIRKA,8,MOHD. HASHIM,Independent,183,0
2024,AC,HR,FEROZEPUR JHIRKA,9,NOTA,None of the Above,438,1
2024,AC,HR,PUNAHANA,1,DAYA WATI,Indian National Lok Dal,289,0
2024,AC,HR,PUNAHANA,2,NAYAB HUSSAIN,Aam Aadmi Party,852,2
2024,AC,HR,PUNAHANA,3,MOHAMMAD ILYAS,Indian National Congress,85173,127
2024,AC,HR,PUNAHANA,4,MOHD AIZAZ KHAN,Bharatiya Janata Party,5055,17
2024,AC,HR,PUNAHANA,5,ATAULLAH,Aazad Samaj Party (Kanshi Ram),829,0
2024,AC,HR,PUNAHANA,6,RAHISH KHAN,Independent,53327,57
2024,AC,HR,PUNAHANA,7,SAJID,Independent,204,2
2024,AC,HR,PUNAHANA,8,NOTA,None of the Above,345,0
2024,AC,HR,HATHIN,1,TAYUB HUSAIN URF NAZIR AHMED,Indian National Lok Dal,37772,71
2024,AC,HR,HATHIN,2,MANOJ KUMAR,Bharatiya Janata Party,47106,405
2024,AC,HR,HATHIN,3,MOHD ISRAIL,Indian National Congress,79638,269
2024,AC,HR,HATHIN,4,RAVINDER KUMAR,Jannayak Janta Party,5673,26
2024,AC,HR,HATHIN,5,RAJENDRA SINGH RAWAT,Aam Aadmi Party,1031,24
2024,AC,HR,HATHIN,6,KEHAR SINGH,Independent,4915,30
2024,AC,HR,HATHIN,7,DHARMENDRA TEWATIA,Independent,10460,34
2024,AC,HR,HATHIN,8,PRADEEP KUMAR,Independent,352,0
2024,AC,HR,HATHIN,9,NOTA,None of the Above,430,2
2024,AC,HR,HODAL,1,UDAI BHAN,Indian National Congress,66065,205
2024,AC,HR,HODAL,2,MANOHAR,Aam Aadmi Party,284,8
2024,AC,HR,HODAL,3,SATVEER,Jannayak Janta Party,273,8
2024,AC,HR,HODAL,4,SUNIL KUMAR,Indian National Lok Dal,1836,2
2024,AC,HR,HODAL,5,HARINDER SINGH,Bharatiya Janata Party,68697,168
2024,AC,HR,HODAL,6,USHMA DEVI,Independent,193,1
2024,AC,HR,HODAL,7,KULDEEP KUMAR,Independent,55,0
2024,AC,HR,HODAL,8,NAVEEN ROHILA,Independent,2076,1
2024,AC,HR,HODAL,9,NEERAJ SOUROT,Independent,171,1
2024,AC,HR,HODAL,10,YASHVEER,Independent,100,0
2024,AC,HR,HODAL,11,RAJNI,Independent,63,0
2024,AC,HR,HODAL,12,SUNITA SOROUT,Independent,545,1
2024,AC,HR,HODAL,13,NOTA,None of the Above,391,2
2024,AC,HR,PALWAL,1,ABHISHEK DESHWAL,Bahujan Samaj Party,2536,4
2024,AC,HR,PALWAL,2,KARAN SINGH DALAL,Indian National Congress,75126,387
2024,AC,HR,PALWAL,3,GAURAV GAUTAM,Bharatiya Janata Party,108795,323
2024,AC,HR,PALWAL,4,DHARMENDER SINGH,Aam Aadmi Party,629,9
2024,AC,HR,PALWAL,5,GOPAL DUTT,Samata Party,68,0
2024,AC,HR,PALWAL,6,PANCH LAL PRASAD,Bharat Jan Jagran Dal,36,3
2024,AC,HR,PALWAL,7,RAMPAL,Bahujan Janata Dal (Khodawal),75,3
2024,AC,HR,PALWAL,8,SATBIR SINGH,Akhil Bharatiya Socialist Party,95,0
2024,AC,HR,PALWAL,9,HARIT KUMAR,Aazad Samaj Party (Kanshi Ram),2568,10
2024,AC,HR,PALWAL,10,GIRRAJ,Independent,124,0
2024,AC,HR,PALWAL,11,MAMTA SOLANKI,Independent,141,0
2024,AC,HR,PALWAL,12,SHIV DUTT,Independent,1116,0
2024,AC,HR,PALWAL,13,SUNIL KUMAR,Independent,325,1
2024,AC,HR,PALWAL,14,NOTA,None of the Above,503,3
2024,AC,HR,PRITHLA,1,KAUSHAL TATARPUR,Aam Aadmi Party,703,3
2024,AC,HR,PRITHLA,2,TEK CHAND SHARMA,Bharatiya Janata Party,49579,142
2024,AC,HR,PRITHLA,3,RAGHUBIR TEWATIA,Indian National Congress,69958,304
2024,AC,HR,PRITHLA,4,SURENDER VASHISHT,Bahujan Samaj Party,4402,10
2024,AC,HR,PRITHLA,5,GIRIRAJ JATOLA,Aazad Samaj Party (Kanshi Ram),267,3
2024,AC,HR,PRITHLA,6,MUKESH,Samata Party,304,1
2024,AC,HR,PRITHLA,7,ABDUT NATH,Independent,959,2
2024,AC,HR,PRITHLA,8,JITENDER KUMAR,Independent,219,1
2024,AC,HR,PRITHLA,9,DEEPAK DAGAR,Independent,16028,27
2024,AC,HR,PRITHLA,10,NAYANPAL RAWAT,Independent,21987,36
2024,AC,HR,PRITHLA,11,BIJENDER SINGH ADVOCATE,Independent,709,0
2024,AC,HR,PRITHLA,12,RAHUL,Independent,596,0
2024,AC,HR,PRITHLA,13,SAMEY SINGH,Independent,284,1
2024,AC,HR,PRITHLA,14,NOTA,None of the Above,664,2
2024,AC,HR,FARIDABAD NIT,1,HAJI KARAMAT ALI,Jannayak Janta Party,8768,6
2024,AC,HR,FARIDABAD NIT,2,NAGENDER BHADANA,Indian National Lok Dal,29519,30
2024,AC,HR,FARIDABAD NIT,3,NEERAJ SHARMA,Indian National Congress,58686,89
2024,AC,HR,FARIDABAD NIT,4,RAVI DAGAR,Aam Aadmi Party,1412,3
2024,AC,HR,FARIDABAD NIT,5,SATISH KUMAR PHAGNA,Bharatiya Janata Party,91918,74
2024,AC,HR,FARIDABAD NIT,6,DHEERAJ KUMAR,Political Team India,328,0
2024,AC,HR,FARIDABAD NIT,7,MANISH,Akhil Bhartiya Kisan Majdoor Party,193,0
2024,AC,HR,FARIDABAD NIT,8,RAM PARTAP GAUR,Rashtriya Lokswaraj Party,112,0
2024,AC,HR,FARIDABAD NIT,9,VINOD SINGH,Rashtrawadi Janlok Party (Satya),227,1
2024,AC,HR,FARIDABAD NIT,10,JITENDER KUMAR,Independent,280,0
2024,AC,HR,FARIDABAD NIT,11,RANJOT,Independent,129,0
2024,AC,HR,FARIDABAD NIT,12,RAVINDER GUPTA,Independent,217,0
2024,AC,HR,FARIDABAD NIT,13,RAJKUMAR,Independent,288,0
2024,AC,HR,FARIDABAD NIT,14,NOTA,None of the Above,1209,1
2024,AC,HR,BADKHAL,1,OM PRAKASH VERMA,Aam Aadmi Party,1679,2
2024,AC,HR,BADKHAL,2,DHANESH ADLAKHA,Bharatiya Janata Party,79386,90
2024,AC,HR,BADKHAL,3,PARVINDER SINGH,Jannayak Janta Party,657,2
2024,AC,HR,BADKHAL,4,MANOJ CHOUDHARY,Bahujan Samaj Party,2493,0
2024,AC,HR,BADKHAL,5,VIJAY PRATAP SINGH,Indian National Congress,73197,98
2024,AC,HR,BADKHAL,6,KAMAL BALI,Bhartiya Shakti Chetna Party,371,0
2024,AC,HR,BADKHAL,7,PREM CHAND GAUR,Buland Bharat Party,228,2
2024,AC,HR,BADKHAL,8,AABID KHAN,Independent,113,0
2024,AC,HR,BADKHAL,9,BAKIL AKHTAR,Independent,157,0
2024,AC,HR,BADKHAL,10,NOTA,None of the Above,1505,4
2024,AC,HR,BALLABGARH,1,SMT. PARAG SHARMA,Indian National Congress,8627,47
2024,AC,HR,BALLABGARH,2,MOOL CHAND SHARMA,Bharatiya Janata Party,61706,100
2024,AC,HR,BALLABGARH,3,RAVINDRA FAUJDAR,Aam Aadmi Party,6625,9
2024,AC,HR,BALLABGARH,4,ATUL,Akhil Bhartiya Kisan Majdoor Party,198,1
2024,AC,HR,BALLABGARH,5,ADVOCATE BRAHMA PRAKASH,Independent,326,0
2024,AC,HR,BALLABGARH,6,RAO RAM KUMAR,Independent,23054,23
2024,AC,HR,BALLABGARH,7,VANDANA SINGH,Independent,784,0
2024,AC,HR,BALLABGARH,8,SHARDA RATHORE,Independent,43992,84
2024,AC,HR,BALLABGARH,9,NOTA,None of the Above,1034,0
2024,AC,HR,FARIDABAD,1,NARENDER PAL SINGH BAGHEL,Indian National Lok Dal,858,1
2024,AC,HR,FARIDABAD,2,PRAVESH MEHTA,Aam Aadmi Party,924,2
2024,AC,HR,FARIDABAD,3,LAKHAN KUMAR SINGLA,Indian National Congress,45195,68
2024,AC,HR,FARIDABAD,4,VIPUL GOEL,Bharatiya Janata Party,93521,130
2024,AC,HR,FARIDABAD,5,ADARSH BALYAN,Independent,394,2
2024,AC,HR,FARIDABAD,6,MANOJ DUREJA,Independent,158,0
2024,AC,HR,FARIDABAD,7,RAKESH KAPIL DAGAR,Independent,330,1
2024,AC,HR,FARIDABAD,8,VIJAY KRISHAN,Independent,478,0
2024,AC,HR,FARIDABAD,9,NOTA,None of the Above,1022,3
2024,AC,HR,TIGAON,1,ABHASH CHANDELA,Aam Aadmi Party,5665,4
2024,AC,HR,TIGAON,2,TIKA RAM,Jannayak Janta Party,854,0
2024,AC,HR,TIGAON,3,RAJESH NAGAR,Bharatiya Janata Party,94084,145
2024,AC,HR,TIGAON,4,ROHIT NAGAR,Indian National Congress,21599,57
2024,AC,HR,TIGAON,5,LAL CHAND SHARMA,Bahujan Samaj Party,3682,4
2024,AC,HR,TIGAON,6,RAM BAHADUR,Akhil Bhartiya Manavatavadi Party,313,0
2024,AC,HR,TIGAON,7,SHIV NARAYAN DUBEY,Kisan Mazdoor Sangharsh Party,3977,0
2024,AC,HR,TIGAON,8,SOMESHWAR SINGH,Samata Party,1022,0
2024,AC,HR,TIGAON,9,GIRRAJ SHARMA,Independent,11802,6
2024,AC,HR,TIGAON,10,LALIT NAGAR S/O LATE BHARAT SINGH NAGAR,Independent,56729,99
2024,AC,HR,TIGAON,11,LALIT NAGAR S/O VIJAY PAL,Independent,978,3
2024,AC,HR,TIGAON,12,SANDEEP MEHTA,Independent,533,1
2024,AC,HR,TIGAON,13,PUNDIT SUBHASH CHANDRA DUBEY GORAKHPURI,Independent,298,0
2024,AC,HR,TIGAON,14,NOTA,None of the Above,1855,4
