election_year,election_type,election_state,constituency,constituency_no,serial_no,candidate,party,evm_votes,postal_votes
2026,Assembly,KL,MANJESHWAR,1,1,A K M ASHRAF,Indian Union Muslim League,96470,478
2026,Assembly,KL,MANJESHWAR,1,2,K R JAYANANDA,Communist Party of India (Marxist),21022,190
2026,Assembly,KL,MANJESHWAR,1,3,SANJEEVA,Bahujan Samaj Party,212,0
2026,Assembly,KL,MANJESHWAR,1,4,K SURENDRAN,Bharatiya Janata Party,67065,631
2026,Assembly,KL,MANJESHWAR,1,5,KANNUR ABDULLA MASTER,Independent,282,3
2026,Assembly,KL,MANJESHWAR,1,6,ABDUL LATHEEF I,Independent,77,2
2026,Assembly,KL,MANJESHWAR,1,7,GEAN LAVINA MONTEIRO,Independent,518,5
2026,Assembly,KL,MANJESHWAR,1,8,JOHN D' SOUZA I,Independent,46,0
2026,Assembly,KL,MANJESHWAR,1,9,"MOHAMMAD ASHRAF, PAPPIYAR HOUSE",Independent,77,1
2026,Assembly,KL,MANJESHWAR,1,10,"MOHAMMED ASHRAF K A, C. M. HOUSE",Independent,59,5
2026,Assembly,KL,MANJESHWAR,1,11,D SURENDRAN NAIR,Independent,201,2
2026,Assembly,KL,MANJESHWAR,1,12,NOTA,None of the Above,449,6
2026,Assembly,KL,KASARAGOD,2,1,ASHWINI M L,Bharatiya Janata Party,53136,562
2026,Assembly,KL,KASARAGOD,2,2,KALLATRA MAHIN,Indian Union Muslim League,75980,416
2026,Assembly,KL,KASARAGOD,2,3,MOHAMMED ALI FATHAH B M,Independent,805,19
2026,Assembly,KL,KASARAGOD,2,4,SHANAVAS A A,Independent,878,15
2026,Assembly,KL,KASARAGOD,2,5,SHANAVAS PADHOOR,Independent,36419,259
2026,Assembly,KL,KASARAGOD,2,6,NOTA,None of the Above,702,12
2026,Assembly,KL,UDMA,3,1,C H KUNHAMBU,Communist Party of India (Marxist),72860,1203
2026,Assembly,KL,UDMA,3,2,NEELAKANDAN,Indian National Congress,78084,826
2026,Assembly,KL,UDMA,3,3,MANULAL M,Bharatiya Janata Party,26550,349
2026,Assembly,KL,UDMA,3,4,KUNHAMPU P P S/O RAMAN,Independent,186,5
2026,Assembly,KL,UDMA,3,5,KUNHIRAMAN,Independent,138,0
2026,Assembly,KL,UDMA,3,6,NASEER,Independent,110,1
2026,Assembly,KL,UDMA,3,7,NOTA,None of the Above,488,16
2026,Assembly,KL,KANHANGAD,4,1,ADV. GOVINDAN PALLIKAPPIL,Communist Party of India,78463,1457
2026,Assembly,KL,KANHANGAD,4,2,M BALRAJ,Bharatiya Janata Party,26608,455
2026,Assembly,KL,KANHANGAD,4,3,VIJAYAKUMAR B,Bahujan Samaj Party,3086,46
2026,Assembly,KL,KANHANGAD,4,4,SHAIJI OTTAPALLI,Kerala Congress,63804,800
2026,Assembly,KL,KANHANGAD,4,5,NOTA,None of the Above,1039,19
2026,Assembly,KL,TRIKARIPUR,5,1,DR. V P P MUSTAFA,Communist Party of India (Marxist),76697,1981
2026,Assembly,KL,TRIKARIPUR,5,2,SANDEEP VARIER,Indian National Congress,81700,1409
2026,Assembly,KL,TRIKARIPUR,5,3,RAVI KULANGARA,Twenty 20 Party,7684,153
2026,Assembly,KL,TRIKARIPUR,5,4,MUSTHAFA P P S/O NAFEESA P P,Independent,163,6
2026,Assembly,KL,TRIKARIPUR,5,5,MUSTHAFA V P S/O MUHAMMED,Independent,142,1
2026,Assembly,KL,TRIKARIPUR,5,6,SANDEEP ELATT,Independent,250,8
2026,Assembly,KL,TRIKARIPUR,5,7,NOTA,None of the Above,681,29
2026,Assembly,KL,PAYYANNUR,6,1,A. P. GANGADHARAN,Bharatiya Janata Party,8204,228
2026,Assembly,KL,PAYYANNUR,6,2,T. I. MADHUSOODANAN,Communist Party of India (Marxist),67077,2076
2026,Assembly,KL,PAYYANNUR,6,3,V. KUNHIKRISHNAN,Independent,75074,1566
2026,Assembly,KL,PAYYANNUR,6,4,SANDEEP V. K.,Independent,542,10
2026,Assembly,KL,PAYYANNUR,6,5,NOTA,None of the Above,1152,41
2026,Assembly,KL,KALLIASSERI,7,1,ADV. RAJEEVAN KAPPACHERI,Indian National Congress,62123,872
2026,Assembly,KL,KALLIASSERI,7,2,M.VIJIN,Communist Party of India (Marxist),79573,1855
2026,Assembly,KL,KALLIASSERI,7,3,SANIL.A.V,Bharatiya Janata Party,12905,205
2026,Assembly,KL,KALLIASSERI,7,4,K.K. ABDUL JABBAR,Social Democratic Party Of India,1273,8
2026,Assembly,KL,KALLIASSERI,7,5,RAJEEVAN KANNOTH S/O KAMMARAN,Independent,155,5
2026,Assembly,KL,KALLIASSERI,7,6,NOTA,None of the Above,867,26
2026,Assembly,KL,TALIPARAMBA,8,1,ANAPPALLI GOPALAN,Aam Aadmi Party,1052,31
2026,Assembly,KL,TALIPARAMBA,8,2,P K SHYAMALA TEACHER,Communist Party of India (Marxist),76690,2098
2026,Assembly,KL,TALIPARAMBA,8,3,N HARIDAS,Bharatiya Janata Party,15774,315
2026,Assembly,KL,TALIPARAMBA,8,4,ABDUL SALAM K P,Independent,358,8
2026,Assembly,KL,TALIPARAMBA,8,5,KOYYAM JANARDHANAN,Independent,1164,38
2026,Assembly,KL,TALIPARAMBA,8,6,KHAMARUDDEEN C V,Independent,276,7
2026,Assembly,KL,TALIPARAMBA,8,7,T K GOVINDAN MASTER S/O KUNHIKKANNAN NAMBIAR,Independent,89920,1419
2026,Assembly,KL,TALIPARAMBA,8,8,T K GOVINDAN S/O KUNHIRAMAN,Independent,729,6
2026,Assembly,KL,TALIPARAMBA,8,9,C BALAKRISHNAN YADAV,Independent,194,4
2026,Assembly,KL,TALIPARAMBA,8,10,SHYAMALA P D/O GOVINDAN P,Independent,289,5
2026,Assembly,KL,TALIPARAMBA,8,11,NOTA,None of the Above,1709,89
2026,Assembly,KL,IRIKKUR,9,1,P V JOSEPH PARIKKAPPALLIL,Aam Aadmi Party,1129,22
2026,Assembly,KL,IRIKKUR,9,2,ADV. MATHEW KUNNAPPALLY,Kerala Congress (M),47255,1214
2026,Assembly,KL,IRIKKUR,9,3,ADV. SAJEEV JOSEPH,Indian National Congress,88870,2025
2026,Assembly,KL,IRIKKUR,9,4,M J MATHEW,Social Democratic Party Of India,398,19
2026,Assembly,KL,IRIKKUR,9,5,SREENATH PADMANABHAN,Twenty 20 Party,9445,172
2026,Assembly,KL,IRIKKUR,9,6,AMAL K T,Independent,286,13
2026,Assembly,KL,IRIKKUR,9,7,NOTA,None of the Above,765,32
2026,Assembly,KL,AZHIKODE,10,1,ADV. KAREEM CHELERI,Indian Union Muslim League,63855,747
2026,Assembly,KL,AZHIKODE,10,2,K. K. VINODKUMAR,Bharatiya Janata Party,17221,255
2026,Assembly,KL,AZHIKODE,10,3,K. V. SUMESH,Communist Party of India (Marxist),63857,1094
2026,Assembly,KL,AZHIKODE,10,4,RESHMI RAVI,Socialist Unity Centre Of India (COMMUNIST),218,9
2026,Assembly,KL,AZHIKODE,10,5,KAREEM CHANDROTH,Independent,112,3
2026,Assembly,KL,AZHIKODE,10,6,ABDUL KAREEM. V. V,Independent,230,5
2026,Assembly,KL,AZHIKODE,10,7,SUMESH KUMAR. K,Independent,103,3
2026,Assembly,KL,AZHIKODE,10,8,SUMESH. T. P S/O GOVINDAN,Independent,124,0
2026,Assembly,KL,AZHIKODE,10,9,NOTA,None of the Above,567,9
2026,Assembly,KL,KANNUR,11,1,ADV.T.O. MOHANAN,Indian National Congress,69454,1166
2026,Assembly,KL,KANNUR,11,2,C. RAGHUNATH,Bharatiya Janata Party,15907,237
2026,Assembly,KL,KANNUR,11,3,M.K. SHAHAZAD,Socialist Unity Centre Of India (COMMUNIST),224,5
2026,Assembly,KL,KANNUR,11,4,RAMACHANDRAN KADANNAPPALLI,Congress (Secular),51113,956
2026,Assembly,KL,KANNUR,11,5,SURESH KUMAR,Bharatheeya Jawan Kisan Party,252,3
2026,Assembly,KL,KANNUR,11,6,T.K. MOHANAN,Independent,278,3
2026,Assembly,KL,KANNUR,11,7,RAMACHANDRAN KUNIYIL,Independent,214,2
2026,Assembly,KL,KANNUR,11,8,NOTA,None of the Above,690,15
2026,Assembly,KL,DHARMADAM,12,1,PINARAYI VIJAYAN,Communist Party of India (Marxist),83418,2196
2026,Assembly,KL,DHARMADAM,12,2,K. RANJITH,Bharatiya Janata Party,18213,342
2026,Assembly,KL,DHARMADAM,12,3,ADV. V.P ABDUL RASHEED,Indian National Congress,65074,1293
2026,Assembly,KL,DHARMADAM,12,4,VADI HAREENDRAN,Independent,189,4
2026,Assembly,KL,DHARMADAM,12,5,VIJAYAN A.M S/O KUNHIRAMAN,Independent,116,1
2026,Assembly,KL,DHARMADAM,12,6,NOTA,None of the Above,764,49
2026,Assembly,KL,THALASSERY,13,1,KARAYI RAJAN,Communist Party of India (Marxist),68401,1342
2026,Assembly,KL,THALASSERY,13,2,O NIDHEESH,Bharatiya Janata Party,22448,306
2026,Assembly,KL,THALASSERY,13,3,SAJU K P,Indian National Congress,48463,757
2026,Assembly,KL,THALASSERY,13,4,A C JALALUDDHEEN,Social Democratic Party Of India,1431,13
2026,Assembly,KL,THALASSERY,13,5,RAJAN V P,Independent,69,0
2026,Assembly,KL,THALASSERY,13,6,RAJAN O P,Independent,87,2
2026,Assembly,KL,THALASSERY,13,7,SAJU V P,Independent,239,1
2026,Assembly,KL,THALASSERY,13,8,NOTA,None of the Above,708,20
2026,Assembly,KL,KUTHUPARAMBA,14,1,JAYANTHI RAJAN,Indian Union Muslim League,68209,953
2026,Assembly,KL,KUTHUPARAMBA,14,2,ADV. SHIJILAL,Bharatiya Janata Party,21870,325
2026,Assembly,KL,KUTHUPARAMBA,14,3,RAFEED A P,Aam Aadmi Party,249,5
2026,Assembly,KL,KUTHUPARAMBA,14,4,P K PRAVEEN,Rashtriya Janata Dal,69023,1425
2026,Assembly,KL,KUTHUPARAMBA,14,5,JAYANTHI,Independent,655,16
2026,Assembly,KL,KUTHUPARAMBA,14,6,PRAVEEN KUMAR,Independent,554,6
2026,Assembly,KL,KUTHUPARAMBA,14,7,MOHANAN K P,Independent,167,2
2026,Assembly,KL,KUTHUPARAMBA,14,8,SHYLAJA,Independent,129,4
2026,Assembly,KL,KUTHUPARAMBA,14,9,SHAHUL HAMEED,Independent,114,1
2026,Assembly,KL,KUTHUPARAMBA,14,10,NOTA,None of the Above,478,17
2026,Assembly,KL,MATTANNUR,15,1,CHANDRAN THILLANKERI,Indian National Congress,65867,1421
2026,Assembly,KL,MATTANNUR,15,2,BIJU ELAKKUZHI,Bharatiya Janata Party,17463,352
2026,Assembly,KL,MATTANNUR,15,3,V K SANOJ,Communist Party of India (Marxist),79314,2142
2026,Assembly,KL,MATTANNUR,15,4,BASHEER PUNNAD,Social Democratic Party Of India,2161,10
2026,Assembly,KL,MATTANNUR,15,5,CHANDRAN THENGALATH,Independent,144,3
2026,Assembly,KL,MATTANNUR,15,6,SANOJ S/O KUNHIRAMAN K,Independent,209,1
2026,Assembly,KL,MATTANNUR,15,7,NOTA,None of the Above,744,27
2026,Assembly,KL,PERAVOOR,16,1,K K SHAILAJA TEACHER,Communist Party of India (Marxist),60437,1250
2026,Assembly,KL,PERAVOOR,16,2,ADV. SUNNY JOSEPH,Indian National Congress,74634,1506
2026,Assembly,KL,PERAVOOR,16,3,ADV. HENSTION GEORGE,Aam Aadmi Party,423,8
2026,Assembly,KL,PERAVOOR,16,4,ARUVIKKAL KRISHNAN,Communist Party of India (Marxist-Leninist) (Liberation),82,4
2026,Assembly,KL,PERAVOOR,16,5,PAILY VATHIYATTU,Bharath Dharma Jana Sena,7863,157
2026,Assembly,KL,PERAVOOR,16,6,NARAYANA KUMAR,Independent,44,1
2026,Assembly,KL,PERAVOOR,16,7,VENUGOPALAN. C,Independent,25,1
2026,Assembly,KL,PERAVOOR,16,8,SAILAJA. A. V,Independent,101,8
2026,Assembly,KL,PERAVOOR,16,9,C. SHYLAJA,Independent,67,1
2026,Assembly,KL,PERAVOOR,16,10,SUNNY,Independent,55,11
2026,Assembly,KL,PERAVOOR,16,11,SUNNY JOSEPH MUTHUKULATHEL,Independent,178,13
2026,Assembly,KL,PERAVOOR,16,12,NOTA,None of the Above,363,12
2026,Assembly,KL,MANANTHAVADY,17,1,USHA VIJAYAN,Indian National Congress,76089,1336
2026,Assembly,KL,MANANTHAVADY,17,2,O R KELU,Communist Party of India (Marxist),65724,1158
2026,Assembly,KL,MANANTHAVADY,17,3,P SHYAMRAJ,Bharatiya Janata Party,19385,296
2026,Assembly,KL,MANANTHAVADY,17,4,NOTA,None of the Above,1001,17
2026,Assembly,KL,SULTHANBATHERY,18,1,KAVITHA A S,Bharatiya Janata Party,30873,435
2026,Assembly,KL,SULTHANBATHERY,18,2,PRAKRITHI N V,Aam Aadmi Party,1752,29
2026,Assembly,KL,SULTHANBATHERY,18,3,I C BALAKRISHNAN,Indian National Congress,77573,1363
2026,Assembly,KL,SULTHANBATHERY,18,4,BENADICT,Bahujan Samaj Party,433,14
2026,Assembly,KL,SULTHANBATHERY,18,5,M S VISWANATHAN,Communist Party of India (Marxist),61256,1083
2026,Assembly,KL,SULTHANBATHERY,18,6,V.A RAMESAN,Socialist Unity Centre Of India (COMMUNIST),269,6
2026,Assembly,KL,SULTHANBATHERY,18,7,BALAKRISHNAN EDAKKAL,Independent,209,3
2026,Assembly,KL,SULTHANBATHERY,18,8,RAJESH R M,Independent,192,6
2026,Assembly,KL,SULTHANBATHERY,18,9,NOTA,None of the Above,1418,24
2026,Assembly,KL,KALPETTA,19,1,PRASANTH MALAVAYAL,Bharatiya Janata Party,18912,263
2026,Assembly,KL,KALPETTA,19,2,ADV. T SIDDIQUE,Indian National Congress,96020,1359
2026,Assembly,KL,KALPETTA,19,3,RAFEEK C A,Aam Aadmi Party,848,19
2026,Assembly,KL,KALPETTA,19,4,P K ANIL KUMAR,Rashtriya Janata Dal,51683,665
2026,Assembly,KL,KALPETTA,19,5,K V PRAKASH,Communist Party of India (Marxist-Leninist) Red Star,317,8
2026,Assembly,KL,KALPETTA,19,6,N HAMZA,Social Democratic Party Of India,794,7
2026,Assembly,KL,KALPETTA,19,7,ANILKUMAR S/O UNNI NAIR,Independent,338,9
2026,Assembly,KL,KALPETTA,19,8,T K UMMER,Independent,251,5
2026,Assembly,KL,KALPETTA,19,9,RADHAKRISHNAN M,Independent,438,8
2026,Assembly,KL,KALPETTA,19,10,SIDHEEQUE S/O KUNJAMMAD,Independent,357,3
2026,Assembly,KL,KALPETTA,19,11,NOTA,None of the Above,1088,49
2026,Assembly,KL,VADAKARA,20,1,ADV. K DILEEP,Bharatiya Janata Party,14101,194
2026,Assembly,KL,VADAKARA,20,2,M K BHASKARAN,Rashtriya Janata Dal,54073,1182
2026,Assembly,KL,VADAKARA,20,3,K K REMA,Revolutionary Marxist Party of India,68948,1169
2026,Assembly,KL,VADAKARA,20,4,SHAMSEER CHOMBALA,Social Democratic Party Of India,2469,8
2026,Assembly,KL,VADAKARA,20,5,BHASKARAN K K S/O KELAPPAN,Independent,182,3
2026,Assembly,KL,VADAKARA,20,6,RAMA T P W/O ASHOKAN P K,Independent,195,5
2026,Assembly,KL,VADAKARA,20,7,RAMA W/O VIJAYAN,Independent,158,4
2026,Assembly,KL,VADAKARA,20,8,RAMAKRISHNAN VATTAKANDI,Independent,91,3
2026,Assembly,KL,VADAKARA,20,9,NOTA,None of the Above,383,11
2026,Assembly,KL,KUTTIADI,21,1,PARAKKAL ABDULLA,Indian Union Muslim League,86837,1360
2026,Assembly,KL,KUTTIADI,21,2,K. P. KUNHAMMEDKUTTY MASTER,Communist Party of India (Marxist),75645,1630
2026,Assembly,KL,KUTTIADI,21,3,RAMADAS MANALERI,Bharatiya Janata Party,11810,225
2026,Assembly,KL,KUTTIADI,21,4,ABDULLA,Independent,95,0
2026,Assembly,KL,KUTTIADI,21,5,KUNHAMMADKUTTY,Independent,113,1
2026,Assembly,KL,KUTTIADI,21,6,NOTA,None of the Above,380,10
2026,Assembly,KL,NADAPURAM,22,1,K.M. ABHIJITH,Indian National Congress,98258,1505
2026,Assembly,KL,NADAPURAM,22,2,ADV.P. VASANTHAM,Communist Party of India,74796,1367
2026,Assembly,KL,NADAPURAM,22,3,C.P. VIPIN CHANDRAN,Bharatiya Janata Party,11367,139
2026,Assembly,KL,NADAPURAM,22,4,K.M. ABHIJITH S/O ASHOKAN,Independent,205,2
2026,Assembly,KL,NADAPURAM,22,5,ABHIJITH S/O BALAN,Independent,217,1
2026,Assembly,KL,NADAPURAM,22,6,PADMAKUMAR,Independent,267,2
2026,Assembly,KL,NADAPURAM,22,7,VASANTHA,Independent,313,1
2026,Assembly,KL,NADAPURAM,22,8,NOTA,None of the Above,263,9
2026,Assembly,KL,QUILANDY,23,1,K. DASAN,Communist Party of India (Marxist),66409,1434
2026,Assembly,KL,QUILANDY,23,2,PRAFUL KRISHNAN,Bharatiya Janata Party,23179,366
2026,Assembly,KL,QUILANDY,23,3,ADV. K. PRAVEEN KUMAR,Indian National Congress,78739,1174
2026,Assembly,KL,QUILANDY,23,4,MUSTHAFA P K (PADINJARE KUNIYOTH),Aam Aadmi Party,188,5
2026,Assembly,KL,QUILANDY,23,5,DASAN S/O KUNHIKELU,Independent,97,2
2026,Assembly,KL,QUILANDY,23,6,ADV. PRAVEEN,Independent,196,2
2026,Assembly,KL,QUILANDY,23,7,PRAVEEN KUMAR S/O SANKARAN NAIR,Independent,189,3
2026,Assembly,KL,QUILANDY,23,8,NOTA,None of the Above,432,10
2026,Assembly,KL,PERAMBRA,24,1,ADV. FATHIMA THAHILIYA,Indian Union Muslim League,79735,1694
2026,Assembly,KL,PERAMBRA,24,2,M. MOHANAN MASTER,Bharatiya Janata Party,12746,296
2026,Assembly,KL,PERAMBRA,24,3,RENJITH MALAYIL,Aam Aadmi Party,120,4
2026,Assembly,KL,PERAMBRA,24,4,T. P. RAMAKRISHNAN,Communist Party of India (Marxist),74279,2063
2026,Assembly,KL,PERAMBRA,24,5,AKHIL KUMAR .A.M,Communist Party of India (Marxist-Leninist) Red Star,147,4
2026,Assembly,KL,PERAMBRA,24,6,FATHIMA NASRI. V,Independent,140,0
2026,Assembly,KL,PERAMBRA,24,7,FATHIMATHU RUKSANA. P,Independent,147,4
2026,Assembly,KL,PERAMBRA,24,8,P.K. BIJU MASTER,Independent,63,3
2026,Assembly,KL,PERAMBRA,24,9,K. RAMAKRISHNAN S/O GOVINDAN NAIR,Independent,61,1
2026,Assembly,KL,PERAMBRA,24,10,T.M. RAMAKRISHNAN S/O NARAYANAN NAIR,Independent,67,5
2026,Assembly,KL,PERAMBRA,24,11,NOTA,None of the Above,479,28
2026,Assembly,KL,BALUSSERI,25,1,ADV. K.M. SACHINDEV,Communist Party of India (Marxist),76030,1794
2026,Assembly,KL,BALUSSERI,25,2,C.P. SATHEESH,Bharatiya Janata Party,17237,432
2026,Assembly,KL,BALUSSERI,25,3,V.T. SOORAJ,Indian National Congress,92884,1920
2026,Assembly,KL,BALUSSERI,25,4,ABHIJITH,Independent,226,4
2026,Assembly,KL,BALUSSERI,25,5,SOORAJ K S/O ASOKAN,Independent,270,2
2026,Assembly,KL,BALUSSERI,25,6,NOTA,None of the Above,493,23
2026,Assembly,KL,ELATHUR,26,1,ABDUL BASITH ATHOLI,Aam Aadmi Party,342,6
2026,Assembly,KL,ELATHUR,26,2,DEVADAS T,Bharatiya Janata Party,30897,613
2026,Assembly,KL,ELATHUR,26,3,ADV.VIDYA BALAKRISHNAN,Indian National Congress,76013,1649
2026,Assembly,KL,ELATHUR,26,4,A.K.SASEENDRAN S/O KUNJAMBU,Nationalist Congress Party - Sharadchandra Pawar,64122,1378
2026,Assembly,KL,ELATHUR,26,5,P.K.SASEENDRAN S/O SABUDASAN,Nationalist Congress Party,677,15
2026,Assembly,KL,ELATHUR,26,6,P.M.SREEKUMAR,Socialist Unity Centre Of India (COMMUNIST),470,11
2026,Assembly,KL,ELATHUR,26,7,V.K.SASEENDRAN S/O RAMAKRISHNAN,Independent,709,17
2026,Assembly,KL,ELATHUR,26,8,ADV.SUMIN.S.NEDUNGADAN,Independent,115,2
2026,Assembly,KL,ELATHUR,26,9,NOTA,None of the Above,704,25
2026,Assembly,KL,KOZHIKODE NORTH,27,1,DR. ALPHONSA MATHEW TEACHER,Aam Aadmi Party,528,14
2026,Assembly,KL,KOZHIKODE NORTH,27,2,ADV.K JAYANTH,Indian National Congress,49706,930
2026,Assembly,KL,KOZHIKODE NORTH,27,3,NAVYA HARIDAS,Bharatiya Janata Party,39245,654
2026,Assembly,KL,KOZHIKODE NORTH,27,4,THOTTATHIL RAVINDRAN,Communist Party of India (Marxist),48210,943
2026,Assembly,KL,KOZHIKODE NORTH,27,5,A SAJEENA,Socialist Unity Centre Of India (COMMUNIST),120,4
2026,Assembly,KL,KOZHIKODE NORTH,27,6,JAYANTH S S/O SADANANDAN,Independent,174,0
2026,Assembly,KL,KOZHIKODE NORTH,27,7,JAYANTH KUMAR,Independent,158,2
2026,Assembly,KL,KOZHIKODE NORTH,27,8,RAVEENDRAN S/O ARUMUGHAN,Independent,56,1
2026,Assembly,KL,KOZHIKODE NORTH,27,9,RAVEENDRAN S/O THEYYATHIRA,Independent,54,1
2026,Assembly,KL,KOZHIKODE NORTH,27,10,RAVEENDRANATHAN NAIR,Independent,68,0
2026,Assembly,KL,KOZHIKODE NORTH,27,11,NOTA,None of the Above,647,20
2026,Assembly,KL,KOZHIKODE SOUTH,28,1,ADV. FYZAL BABU,Indian Union Muslim League,52187,493
2026,Assembly,KL,KOZHIKODE SOUTH,28,2,T. RANEESH,Bharatiya Janata Party,32000,463
2026,Assembly,KL,KOZHIKODE SOUTH,28,3,AHAMMAD DEVARKOVIL,Indian National League,41429,456
2026,Assembly,KL,KOZHIKODE SOUTH,28,4,NOTA,None of the Above,827,11
2026,Assembly,KL,BEYPORE,29,1,ADV. PRAKASHBABU,Bharatiya Janata Party,26211,332
2026,Assembly,KL,BEYPORE,29,2,P.A MOHAMED RIYAS,Communist Party of India (Marxist),80812,1037
2026,Assembly,KL,BEYPORE,29,3,ANVER S/O ENUNNI,Independent,432,16
2026,Assembly,KL,BEYPORE,29,4,ANVER S/O MOIDEENKOYA,Independent,529,9
2026,Assembly,KL,BEYPORE,29,5,ANVER S/O SULAIKHA K P,Independent,310,8
2026,Assembly,KL,BEYPORE,29,6,P V ANVAR S/O SHOUKATHALI,Independent,73722,640
2026,Assembly,KL,BEYPORE,29,7,ANWAR ALI HASSAN S/O KUTTYHASSAN,Independent,198,3
2026,Assembly,KL,BEYPORE,29,8,MUHAMMED RIYAS P.C S/O AHAMMEDKUTTY P. C,Independent,306,2
2026,Assembly,KL,BEYPORE,29,9,NOTA,None of the Above,574,9
2026,Assembly,KL,KUNNAMANGALAM,30,1,M.A. RAZAK MASTER,Indian Union Muslim League,90201,1397
2026,Assembly,KL,KUNNAMANGALAM,30,2,ADV.V. K. SAJEEVAN,Bharatiya Janata Party,33809,626
2026,Assembly,KL,KUNNAMANGALAM,30,3,SANTHOSH P. T,All India Hindustan Congress Party,261,15
2026,Assembly,KL,KUNNAMANGALAM,30,4,ABDU RASAK S/O MUHAMMED,Independent,556,11
2026,Assembly,KL,KUNNAMANGALAM,30,5,ABDUL RAZAK S/O KOYAKUTTY,Independent,224,3
2026,Assembly,KL,KUNNAMANGALAM,30,6,MAVOOR MUHAMMED ALI,Independent,202,3
2026,Assembly,KL,KUNNAMANGALAM,30,7,ADV. P T A RAHIM,Independent,76710,1575
2026,Assembly,KL,KUNNAMANGALAM,30,8,RAHIM S/O MUHAMMED KOYA,Independent,2083,27
2026,Assembly,KL,KUNNAMANGALAM,30,9,RAHEEM P S/O MOIDHEEN,Independent,202,0
2026,Assembly,KL,KUNNAMANGALAM,30,10,NOTA,None of the Above,1024,20
2026,Assembly,KL,KODUVALLY,31,1,P K FIROS,Indian Union Muslim League,93688,1476
2026,Assembly,KL,KODUVALLY,31,2,BAVANKUTTY,Aam Aadmi Party,275,11
2026,Assembly,KL,KODUVALLY,31,3,GIRI PAMBANAL,Bharath Dharma Jana Sena,9662,170
2026,Assembly,KL,KODUVALLY,31,4,SUNIL MANNATH,Republican Party of India (Athawale),385,12
2026,Assembly,KL,KODUVALLY,31,5,ABDUL SHUKOOR,Independent,209,3
2026,Assembly,KL,KODUVALLY,31,6,FIROSE S/O ABOOBACKER MUSALIAR,Independent,181,4
2026,Assembly,KL,KODUVALLY,31,7,FIROSE K C S/O MOITHEENKUTTY,Independent,293,5
2026,Assembly,KL,KODUVALLY,31,8,SALEEM MADAVOOR,Independent,57519,963
2026,Assembly,KL,KODUVALLY,31,9,LAKSHMANAN K P THAMARASSERY,Independent,175,9
2026,Assembly,KL,KODUVALLY,31,10,SHAHEEDA C P,Independent,81,7
2026,Assembly,KL,KODUVALLY,31,11,SALEEM MUTTANCHERY,Independent,138,4
2026,Assembly,KL,KODUVALLY,31,12,SALEEM C K,Independent,118,3
2026,Assembly,KL,KODUVALLY,31,13,SAJIR K,Independent,104,3
2026,Assembly,KL,KODUVALLY,31,14,NOTA,None of the Above,475,15
2026,Assembly,KL,THIRUVAMBADI,32,1,C K KASIM,Indian Union Muslim League,75952,1188
2026,Assembly,KL,THIRUVAMBADI,32,2,LINTO JOSEPH,Communist Party of India (Marxist),69319,1080
2026,Assembly,KL,THIRUVAMBADI,32,3,SUNNY V JOSEPH,Aam Aadmi Party,789,23
2026,Assembly,KL,THIRUVAMBADI,32,4,SUNNY THOMAS,Twenty 20 Party,7273,107
2026,Assembly,KL,THIRUVAMBADI,32,5,P K KASIM S/O ABDULLAKKUTTY HAJI,Independent,139,2
2026,Assembly,KL,THIRUVAMBADI,32,6,MUHAMMED KASIM,Independent,182,4
2026,Assembly,KL,THIRUVAMBADI,32,7,DR. WILSON ROCKEY,Independent,159,5
2026,Assembly,KL,THIRUVAMBADI,32,8,NOTA,None of the Above,449,9
2026,Assembly,KL,KONDOTTY,33,1,T.P. ASHRAFALI,Indian Union Muslim League,113604,1393
2026,Assembly,KL,KONDOTTY,33,2,KEERAN N.K,Bahujan Samaj Party,438,3
2026,Assembly,KL,KONDOTTY,33,3,DR. P. JIJI,Communist Party of India (Marxist),58275,705
2026,Assembly,KL,KONDOTTY,33,4,P. SUBRAHMANNIAN,Bharatiya Janata Party,13791,203
2026,Assembly,KL,KONDOTTY,33,5,ABDUL KHADAR BICHAVA,Social Democratic Party Of India,2220,11
2026,Assembly,KL,KONDOTTY,33,6,NOTA,None of the Above,976,6
2026,Assembly,KL,ERNAD,34,1,KRISHNAN THACHANNAN,Bahujan Samaj Party,461,6
2026,Assembly,KL,ERNAD,34,2,P.K.BASHEER,Indian Union Muslim League,96974,1573
2026,Assembly,KL,ERNAD,34,3,ADV.N.SREEPRAKASH,Bharatiya Janata Party,8577,151
2026,Assembly,KL,ERNAD,34,4,ADV.SHAFEER KIZHISSERI,Communist Party of India,56557,701
2026,Assembly,KL,ERNAD,34,5,CHEMMALA YOOSUF ALI,Social Democratic Party Of India,2508,22
2026,Assembly,KL,ERNAD,34,6,MUJEEB RAHMAN,Independent,163,3
2026,Assembly,KL,ERNAD,34,7,NOTA,None of the Above,973,12
2026,Assembly,KL,NILAMBUR,35,1,JAISAL MALIYEKKAL,Aam Aadmi Party,1907,35
2026,Assembly,KL,NILAMBUR,35,2,ARYADAN SHOUKATH,Indian National Congress,112194,1392
2026,Assembly,KL,NILAMBUR,35,3,GIRISH MEKKATTU,Bharath Dharma Jana Sena,12501,159
2026,Assembly,KL,NILAMBUR,35,4,U SHARAFALI,Independent,58081,654
2026,Assembly,KL,NILAMBUR,35,5,NOTA,None of the Above,2652,20
2026,Assembly,KL,WANDOOR,36,1,A.P ANILKUMAR,Indian National Congress,119766,1308
2026,Assembly,KL,WANDOOR,36,2,DR.K.K DAMODARAN,Communist Party of India (Marxist),72400,735
2026,Assembly,KL,WANDOOR,36,3,ANILKUMAR S/O KUTTAN,Independent,1248,19
2026,Assembly,KL,WANDOOR,36,4,KUMARADAS,Independent,5966,52
2026,Assembly,KL,WANDOOR,36,5,NOTA,None of the Above,1651,23
2026,Assembly,KL,MANJERI,37,1,ADV. P.P.A. SAGEER,Aam Aadmi Party,2179,43
2026,Assembly,KL,MANJERI,37,2,PADMASREE AJITH,Bharatiya Janata Party,13146,277
2026,Assembly,KL,MANJERI,37,3,ADV. M. RAHMATHULLA,Indian Union Muslim League,112529,1093
2026,Assembly,KL,MANJERI,37,4,BIPIN BENSON JOSEPH,Independent,1670,28
2026,Assembly,KL,MANJERI,37,5,V.M. MUSTHAFA,Independent,55135,600
2026,Assembly,KL,MANJERI,37,6,NOTA,None of the Above,3300,19
2026,Assembly,KL,PERINTHALMANNA,38,1,NAJEEB KANTHAPURAM,Indian Union Muslim League,103916,972
2026,Assembly,KL,PERINTHALMANNA,38,2,ADV. K.P BABURAJ,Bharatiya Janata Party,7130,110
2026,Assembly,KL,PERINTHALMANNA,38,3,V.P MOHAMMED HANEEFA,Communist Party of India (Marxist),71658,799
2026,Assembly,KL,PERINTHALMANNA,38,4,ABDUL NAJEEB S/O MOHAMED,Independent,236,3
2026,Assembly,KL,PERINTHALMANNA,38,5,ABDUL NAJEEB S/O VEERAPPU,Independent,54,0
2026,Assembly,KL,PERINTHALMANNA,38,6,NAJEEB,Independent,112,1
2026,Assembly,KL,PERINTHALMANNA,38,7,MOHAMMED HANEEFA P S/O ALAVI,Independent,227,1
2026,Assembly,KL,PERINTHALMANNA,38,8,HANEEFA,Independent,203,2
2026,Assembly,KL,PERINTHALMANNA,38,9,NOTA,None of the Above,655,9
2026,Assembly,KL,MANKADA,39,1,MANJALAMKUZHI ALI,Indian Union Muslim League,109348,1344
2026,Assembly,KL,MANKADA,39,2,LEJOY MASH,Bharatiya Janata Party,9770,163
2026,Assembly,KL,MANKADA,39,3,KUNNATH MOHAMED S/O ALI HAJI,Independent,64385,698
2026,Assembly,KL,MANKADA,39,4,MOHAMMED KUNNATH S/O MOIDEEN,Independent,654,9
2026,Assembly,KL,MANKADA,39,5,NOTA,None of the Above,1295,20
2026,Assembly,KL,MALAPPURAM,40,1,ABOOBACKER BACKER KUNDUPUZHAKKAL,Aam Aadmi Party,2028,32
2026,Assembly,KL,MALAPPURAM,40,2,ASWATHI GUPTHAKUMAR,Bharatiya Janata Party,8987,140
2026,Assembly,KL,MALAPPURAM,40,3,P.K KUNHALIKUTTY,Indian Union Muslim League,130233,1399
2026,Assembly,KL,MALAPPURAM,40,4,K.T. MUJEEB RAHMAN,Nationalist Congress Party - Sharadchandra Pawar,45814,491
2026,Assembly,KL,MALAPPURAM,40,5,ADV.SADIK NADUTHODI,Social Democratic Party Of India,5088,36
2026,Assembly,KL,MALAPPURAM,40,6,ABDUL GAFOOR MASTER O.P.K,Independent,700,12
2026,Assembly,KL,MALAPPURAM,40,7,ABDULSALAM.K.P,Independent,312,3
2026,Assembly,KL,MALAPPURAM,40,8,SREEDHARAN,Independent,227,4
2026,Assembly,KL,MALAPPURAM,40,9,NOTA,None of the Above,1355,24
2026,Assembly,KL,VENGARA,41,1,JAYAKRISHNAN. V.N,Bharatiya Janata Party,6058,68
2026,Assembly,KL,VENGARA,41,2,K.M. SHAJI,Indian Union Muslim League,95019,844
2026,Assembly,KL,VENGARA,41,3,ABDUL RAFEEQ CHEMBAN,Independent,1136,9
2026,Assembly,KL,VENGARA,41,4,SABAH KUNDUPUZHAKKAL,Independent,65121,417
2026,Assembly,KL,VENGARA,41,5,U.P. SHAJI ULLATTU PARAMBIL,Independent,141,0
2026,Assembly,KL,VENGARA,41,6,K.M. SHAJI SHAIMALAYAM,Independent,302,3
2026,Assembly,KL,VENGARA,41,7,NOTA,None of the Above,1163,8
2026,Assembly,KL,VALLIKUNNU,42,1,ABDUL AZEEZ KADALUNDI,Aam Aadmi Party,1551,24
2026,Assembly,KL,VALLIKUNNU,42,2,T V IBRAHIM,Indian Union Muslim League,99659,1059
2026,Assembly,KL,VALLIKUNNU,42,3,PREMKUMAR (PREMAN MASTER),Bharatiya Janata Party,22891,392
2026,Assembly,KL,VALLIKUNNU,42,4,ADV. MUSTHAFA,Independent,48808,621
2026,Assembly,KL,VALLIKUNNU,42,5,MUHAMMED ASLAM V P,Independent,1042,16
2026,Assembly,KL,VALLIKUNNU,42,6,MUHAMED MUSTHAFA PAMANGADAN,Independent,3671,27
2026,Assembly,KL,VALLIKUNNU,42,7,NOTA,None of the Above,1241,20
2026,Assembly,KL,TIRURANGADI,43,1,AJITH KOLADI,Communist Party of India,48151,331
2026,Assembly,KL,TIRURANGADI,43,2,P M A SAMEER,Indian Union Muslim League,111114,755
2026,Assembly,KL,TIRURANGADI,43,3,MOOSA JARATHINGAL,Aam Aadmi Party,836,7
2026,Assembly,KL,TIRURANGADI,43,4,RIJU C RAGHAV,Bharatiya Janata Party,11375,122
2026,Assembly,KL,TIRURANGADI,43,5,HAMEED V,Social Democratic Party Of India,2642,8
2026,Assembly,KL,TIRURANGADI,43,6,NOTA,None of the Above,864,9
2026,Assembly,KL,TANUR,44,1,DEEPA PUZHAKKAL,Bharatiya Janata Party,13531,111
2026,Assembly,KL,TANUR,44,2,P K NAVAS,Indian Union Muslim League,91406,586
2026,Assembly,KL,TANUR,44,3,P P NAVAS S/o KUNHIMUHAMED,Independent,495,7
2026,Assembly,KL,TANUR,44,4,MUHAMMED SAMEER NARUNGEL PARAMBIL HOUSE,Independent,359,6
2026,Assembly,KL,TANUR,44,5,MOHAMED SAMEER T THIRUTHIYIL HOUSE,Independent,64464,397
2026,Assembly,KL,TANUR,44,6,SAMEER T,Independent,368,5
2026,Assembly,KL,TANUR,44,7,NOTA,None of the Above,587,2
2026,Assembly,KL,TIRUR,45,1,V.ABDURAHIMAN,Communist Party of India (Marxist),81290,681
2026,Assembly,KL,TIRUR,45,2,KABEER ALIAS SHAMEER KUTTUR,Aam Aadmi Party,335,5
2026,Assembly,KL,TIRUR,45,3,K.NARAYANAN MASTER,Bharatiya Janata Party,8519,115
2026,Assembly,KL,TIRUR,45,4,KURUKKOLI MOIDEEN,Indian Union Muslim League,105088,1020
2026,Assembly,KL,TIRUR,45,5,DR.S.ALEENA,Socialist Unity Centre Of India (COMMUNIST),220,4
2026,Assembly,KL,TIRUR,45,6,SIYAD KOODIYATH,Socialist Party (India),124,1
2026,Assembly,KL,TIRUR,45,7,ABDURAHIMAN S/O KUNJEEN,Independent,130,0
2026,Assembly,KL,TIRUR,45,8,ABDURAHIMAN S/O KUNJAVA,Independent,57,0
2026,Assembly,KL,TIRUR,45,9,MOIDEEN KOOMULLI PARAMBIL,Independent,312,0
2026,Assembly,KL,TIRUR,45,10,NOTA,None of the Above,607,1
2026,Assembly,KL,KOTTAKKAL,46,1,PROF. ABID HUSSAIN THANGAL,Indian Union Muslim League,117060,1051
2026,Assembly,KL,KOTTAKKAL,46,2,PREETHI KONCHATH,Communist Party of India (Marxist),54857,616
2026,Assembly,KL,KOTTAKKAL,46,3,ADV. ABDUL MAJEED,Social Democratic Party Of India,4540,17
2026,Assembly,KL,KOTTAKKAL,46,4,SUBRAMANNIAN C,Bharath Dharma Jana Sena,10443,115
2026,Assembly,KL,KOTTAKKAL,46,5,PREETHI KP,Independent,668,6
2026,Assembly,KL,KOTTAKKAL,46,6,MOHAMED RAFI,Independent,542,3
2026,Assembly,KL,KOTTAKKAL,46,7,NOTA,None of the Above,1278,15
2026,Assembly,KL,THAVANUR,47,1,ADV. V S JOY,Indian National Congress,79140,521
2026,Assembly,KL,THAVANUR,47,2,RAVI THELATH,Bharatiya Janata Party,15900,139
2026,Assembly,KL,THAVANUR,47,3,ABDUL JALEEL S/O KADHEEJA,Social Democratic Party Of India,2009,12
2026,Assembly,KL,THAVANUR,47,4,ABDUL JALEEL K T S/O MOIDEEN K T,Independent,343,6
2026,Assembly,KL,THAVANUR,47,5,DR. K T JALEEL,Independent,64462,552
2026,Assembly,KL,THAVANUR,47,6,NOTA,None of the Above,799,3
2026,Assembly,KL,PONNANI,48,1,K.P NOUSHAD ALI,Indian National Congress,80086,588
2026,Assembly,KL,PONNANI,48,2,ADV.M.K SAKKEER,Communist Party of India (Marxist),66854,553
2026,Assembly,KL,PONNANI,48,3,ANWAR PAZHANJI,Social Democratic Party Of India,1961,10
2026,Assembly,KL,PONNANI,48,4,MANEESH JANAKEEYAM,Bharath Dharma Jana Sena,10140,70
2026,Assembly,KL,PONNANI,48,5,NOUSHADALI,Independent,320,4
2026,Assembly,KL,PONNANI,48,6,SAKKEER S/O ILLYAS,Independent,148,1
2026,Assembly,KL,PONNANI,48,7,SAKKEER S/O MUHAMMED,Independent,279,0
2026,Assembly,KL,PONNANI,48,8,SAGEER M.K,Independent,195,2
2026,Assembly,KL,PONNANI,48,9,NOTA,None of the Above,754,8
2026,Assembly,KL,THRITHALA,49,1,V UNNIKRISHNAN MASTER,Bharatiya Janata Party,14885,166
2026,Assembly,KL,THRITHALA,49,2,ADV KEERTHI JAYANANDHAN,Bahujan Samaj Party,186,2
2026,Assembly,KL,THRITHALA,49,3,V T BALRAM,Indian National Congress,75656,771
2026,Assembly,KL,THRITHALA,49,4,M B RAJESH,Communist Party of India (Marxist),67178,864
2026,Assembly,KL,THRITHALA,49,5,SHAHEER CHALIPRAM,Social Democratic Party Of India,1739,7
2026,Assembly,KL,THRITHALA,49,6,ABBAS,Independent,75,2
2026,Assembly,KL,THRITHALA,49,7,BALARAMAN,Independent,80,1
2026,Assembly,KL,THRITHALA,49,8,T T BALARAMAN,Independent,90,1
2026,Assembly,KL,THRITHALA,49,9,RAJESH S/O RAMANKUTTY,Independent,73,1
2026,Assembly,KL,THRITHALA,49,10,NOTA,None of the Above,407,2
2026,Assembly,KL,PATTAMBI,50,1,ADV. P. MANOJ,Bharatiya Janata Party,15040,242
2026,Assembly,KL,PATTAMBI,50,2,MUHAMMED MUHASSIN,Communist Party of India,79049,1013
2026,Assembly,KL,PATTAMBI,50,3,T. P. SHAJI,Indian National Congress,69933,687
2026,Assembly,KL,PATTAMBI,50,4,S. P. AMEER ALI,Social Democratic Party Of India,2572,10
2026,Assembly,KL,PATTAMBI,50,5,MUHAMMED MUHSIN. M. K MANJERIKUNNATH,Independent,152,0
2026,Assembly,KL,PATTAMBI,50,6,SHAJIMON,Independent,79,7
2026,Assembly,KL,PATTAMBI,50,7,HARIS BABU PAILIPPURAM,Independent,102,2
2026,Assembly,KL,PATTAMBI,50,8,NOTA,None of the Above,541,7
2026,Assembly,KL,SHORNUR,51,1,P.MAMMIKUTTY,Communist Party of India (Marxist),69446,1137
2026,Assembly,KL,SHORNUR,51,2,ADV. SANKU.T.DAS,Bharatiya Janata Party,32822,442
2026,Assembly,KL,SHORNUR,51,3,P.HARIGOVINDAN,Indian National Congress,53277,789
2026,Assembly,KL,SHORNUR,51,4,ABOOBACKER,Social Democratic Party Of India,1258,5
2026,Assembly,KL,SHORNUR,51,5,NOTA,None of the Above,937,10
2026,Assembly,KL,OTTAPPALAM,52,1,ADV. K. PREMKUMAR,Communist Party of India (Marxist),74249,1113
2026,Assembly,KL,OTTAPPALAM,52,2,K.P RAJEESH,Bahujan Samaj Party,993,32
2026,Assembly,KL,OTTAPPALAM,52,3,MAJOR RAVI,Bharatiya Janata Party,41757,719
2026,Assembly,KL,OTTAPPALAM,52,4,MUHAMMED ASHARAF V.H,Independent,441,18
2026,Assembly,KL,OTTAPPALAM,52,5,SASI P.K S/O KRISHNANKUTTY,Independent,1049,13
2026,Assembly,KL,OTTAPPALAM,52,6,P.K SASI P.K.S S/O PADMINI AMMA,Independent,47979,606
2026,Assembly,KL,OTTAPPALAM,52,7,NOTA,None of the Above,1106,29
2026,Assembly,KL,KONGAD,53,1,GURUVAYOORAPPAN P E,Bahujan Samaj Party,845,14
2026,Assembly,KL,KONGAD,53,2,THULASI TEACHER,Indian National Congress,61929,805
2026,Assembly,KL,KONGAD,53,3,DR. RENU SURESH,Bharatiya Janata Party,24557,368
2026,Assembly,KL,KONGAD,53,4,ADV. K.SANTHAKUMARI,Communist Party of India (Marxist),58215,813
2026,Assembly,KL,KONGAD,53,5,NOTA,None of the Above,1090,19
2026,Assembly,KL,MANNARKKAD,54,1,MANZIL ABOOBACKER,Communist Party of India,64006,697
2026,Assembly,KL,MANNARKKAD,54,2,ADV. N. SAMSUDHEEN,Indian Union Muslim League,89522,1084
2026,Assembly,KL,MANNARKKAD,54,3,ASHITHA NAJEEB,Social Democratic Party Of India,923,16
2026,Assembly,KL,MANNARKKAD,54,4,ISSAC VARGHESE,Bharath Dharma Jana Sena,10555,116
2026,Assembly,KL,MANNARKKAD,54,5,ABOOBACKER S/O AYISHA,Independent,284,5
2026,Assembly,KL,MANNARKKAD,54,6,SHAMSUDHEEN S/O MUHAMMED,Independent,355,3
2026,Assembly,KL,MANNARKKAD,54,7,SHAMSUDHEEN S/O UMMER,Independent,254,3
2026,Assembly,KL,MANNARKKAD,54,8,NOTA,None of the Above,942,16
2026,Assembly,KL,MALAMPUZHA,55,1,C KRISHNAKUMAR,Bharatiya Janata Party,48255,653
2026,Assembly,KL,MALAMPUZHA,55,2,A PRABHAKARAN,Communist Party of India (Marxist),67681,948
2026,Assembly,KL,MALAMPUZHA,55,3,RAMNATH C,Bahujan Samaj Party,434,14
2026,Assembly,KL,MALAMPUZHA,55,4,SAJI PJ,Aam Aadmi Party,189,8
2026,Assembly,KL,MALAMPUZHA,55,5,A SURESH,Indian National Congress,41630,632
2026,Assembly,KL,MALAMPUZHA,55,6,K PRASAD,Socialist Unity Centre Of India (COMMUNIST),350,5
2026,Assembly,KL,MALAMPUZHA,55,7,NOTA,None of the Above,1491,15
2026,Assembly,KL,PALAKKAD,56,1,UDAYAN SUKUMARAN,Aam Aadmi Party,432,5
2026,Assembly,KL,PALAKKAD,56,2,KRISHNANKUTTY K,Bahujan Samaj Party,343,5
2026,Assembly,KL,PALAKKAD,56,3,RAMESH PISHARODY,Indian National Congress,61379,820
2026,Assembly,KL,PALAKKAD,56,4,SOBHA SURENDRAN,Bharatiya Janata Party,48192,860
2026,Assembly,KL,PALAKKAD,56,5,N.M.R. RAZACK,Independent,33532,399
2026,Assembly,KL,PALAKKAD,56,6,REGHU M,Independent,189,2
2026,Assembly,KL,PALAKKAD,56,7,SHAMSUDHEEN B.,Independent,191,2
2026,Assembly,KL,PALAKKAD,56,8,NOTA,None of the Above,825,16
2026,Assembly,KL,TARUR,57,1,NARAYANANKUTTY K T,Bahujan Samaj Party,857,9
2026,Assembly,KL,TARUR,57,2,SUBRAMANIAN K C,Indian National Congress,47915,732
2026,Assembly,KL,TARUR,57,3,SUMOD,Communist Party of India (Marxist),59778,779
2026,Assembly,KL,TARUR,57,4,SURESHBABU M,Bharatiya Janata Party,20894,268
2026,Assembly,KL,TARUR,57,5,NOTA,None of the Above,999,15
2026,Assembly,KL,CHITTUR,58,1,PRANESH RAJENDRAN,Bharatiya Janata Party,14513,184
2026,Assembly,KL,CHITTUR,58,2,ADV. SUMESH ACHUTHAN,Indian National Congress,64279,1046
2026,Assembly,KL,CHITTUR,58,3,ADV. V. MURUGADAS,Indian Socialist Janata Dal,57949,866
2026,Assembly,KL,CHITTUR,58,4,MURUGADAS. P. S/O PAZHANIAPPA MUDALIYAAR,Independent,6913,71
2026,Assembly,KL,CHITTUR,58,5,N S K PURAM SASIKUMAR,Independent,399,9
2026,Assembly,KL,CHITTUR,58,6,SUMESH C,Independent,258,3
2026,Assembly,KL,CHITTUR,58,7,NOTA,None of the Above,1271,27
2026,Assembly,KL,NEMMARA,59,1,A. THANKAPPAN,Indian National Congress,62159,1057
2026,Assembly,KL,NEMMARA,59,2,K PREMAN,Communist Party of India (Marxist),65312,1209
2026,Assembly,KL,NEMMARA,59,3,A.N.ANURAG,Bharath Dharma Jana Sena,17881,226
2026,Assembly,KL,NEMMARA,59,4,ANVAR SADIK,Social Democratic Party Of India,788,5
2026,Assembly,KL,NEMMARA,59,5,RADHAKRISHNAN K,Independent,283,6
2026,Assembly,KL,NEMMARA,59,6,SANKARANARAYANAN R,Independent,324,6
2026,Assembly,KL,NEMMARA,59,7,NOTA,None of the Above,1206,35
2026,Assembly,KL,ALATHUR,60,1,M T CHANDRAN,Bahujan Samaj Party,639,12
2026,Assembly,KL,ALATHUR,60,2,K V PRASANNAKUMAR,Bharatiya Janata Party,17141,206
2026,Assembly,KL,ALATHUR,60,3,K M FEBIN,Indian National Congress,52234,777
2026,Assembly,KL,ALATHUR,60,4,T M SASI,Communist Party of India (Marxist),60617,947
2026,Assembly,KL,ALATHUR,60,5,B FEBIN S/O BALAN K.C.,Independent,575,10
2026,Assembly,KL,ALATHUR,60,6,NOTA,None of the Above,1052,19
2026,Assembly,KL,CHELAKKARA,61,1,U R PRADEEP,Communist Party of India (Marxist),75048,1025
2026,Assembly,KL,CHELAKKARA,61,2,K BALAKRISHNAN,Bharatiya Janata Party,36778,508
2026,Assembly,KL,CHELAKKARA,61,3,SUBRAMANIAN K V,Aam Aadmi Party,634,35
2026,Assembly,KL,CHELAKKARA,61,4,VINODKUMAR,Social Democratic Party Of India,1186,18
2026,Assembly,KL,CHELAKKARA,61,5,SIVADASAN (SIVAN VEETTIKUNNU),Independent,46118,569
2026,Assembly,KL,CHELAKKARA,61,6,NOTA,None of the Above,1217,15
2026,Assembly,KL,KUNNAMKULAM,62,1,P T AJAY MOHAN,Indian National Congress,64008,951
2026,Assembly,KL,KUNNAMKULAM,62,2,A C MOIDEEN,Communist Party of India (Marxist),68693,829
2026,Assembly,KL,KUNNAMKULAM,62,3,RAJEEV K S,Aam Aadmi Party,1020,15
2026,Assembly,KL,KUNNAMKULAM,62,4,K R RAJIN,Bharath Dharma Jana Sena,17005,99
2026,Assembly,KL,KUNNAMKULAM,62,5,NOTA,None of the Above,1109,6
2026,Assembly,KL,GURUVAYOOR,63,1,N. K. AKBAR,Communist Party of India (Marxist),65429,640
2026,Assembly,KL,GURUVAYOOR,63,2,C. H. RASHEED,Indian Union Muslim League,63465,606
2026,Assembly,KL,GURUVAYOOR,63,3,ADV. B. GOPALAKRISHNAN,Bharatiya Janata Party,28638,309
2026,Assembly,KL,GURUVAYOOR,63,4,PAULY GURUVAYUR,Aam Aadmi Party,461,5
2026,Assembly,KL,GURUVAYOOR,63,5,K. V. ABDUL NASAR,Social Democratic Party Of India,1603,7
2026,Assembly,KL,GURUVAYOOR,63,6,C. R. UNNIKRISHNAN,Socialist Unity Centre Of India (COMMUNIST),217,1
2026,Assembly,KL,GURUVAYOOR,63,7,NOTA,None of the Above,655,3
2026,Assembly,KL,MANALUR,64,1,ADV K K ANEESHKUMAR,Bharatiya Janata Party,37725,400
2026,Assembly,KL,MANALUR,64,2,DR UNNIKRISHNAN CHIRAYATH,Aam Aadmi Party,327,3
2026,Assembly,KL,MANALUR,64,3,T N PRATHAPAN,Indian National Congress,63950,1261
2026,Assembly,KL,MANALUR,64,4,PROF C RAVINDRANATH,Communist Party of India (Marxist),64324,1013
2026,Assembly,KL,MANALUR,64,5,JILEEF (DILEEF ABDUL KHADAR),Social Democratic Party Of India,1016,15
2026,Assembly,KL,MANALUR,64,6,SIVAPRASAD GANDHI K M,Indian Gandhiyan Party,113,5
2026,Assembly,KL,MANALUR,64,7,P V CHANDRAN,Independent,71,0
2026,Assembly,KL,MANALUR,64,8,PRATHAPAN(S/O AYYAPPAN),Independent,182,2
2026,Assembly,KL,MANALUR,64,9,RAVINDRANATH K,Independent,234,0
2026,Assembly,KL,MANALUR,64,10,SUJITH,Independent,67,3
2026,Assembly,KL,MANALUR,64,11,NOTA,None of the Above,667,9
2026,Assembly,KL,WADAKKANCHERY,65,1,ADV. T.S ULLAS BABU,Bharatiya Janata Party,25498,346
2026,Assembly,KL,WADAKKANCHERY,65,2,JITHIN SADANANDHAN,Aam Aadmi Party,470,8
2026,Assembly,KL,WADAKKANCHERY,65,3,P.N. VAISAKH,Indian National Congress,63767,1268
2026,Assembly,KL,WADAKKANCHERY,65,4,SUBRAMANIAN PENAKAM,Bahujan Samaj Party,363,5
2026,Assembly,KL,WADAKKANCHERY,65,5,XAVIER CHITTILAPPILLY,Communist Party of India (Marxist),69484,1241
2026,Assembly,KL,WADAKKANCHERY,65,6,NOTA,None of the Above,1171,13
2026,Assembly,KL,OLLUR,66,1,PRINSON AVINISSERY,Aam Aadmi Party,586,8
2026,Assembly,KL,OLLUR,66,2,BIJOY THOMAS,Bharatiya Janata Party,19537,200
2026,Assembly,KL,OLLUR,66,3,K RAJAN,Communist Party of India,68766,937
2026,Assembly,KL,OLLUR,66,4,ADV. SHAJI J KODANKANDATH,Indian National Congress,59949,870
2026,Assembly,KL,OLLUR,66,5,EDWIN BABU ALAPAT,Independent,274,1
2026,Assembly,KL,OLLUR,66,6,NOTA,None of the Above,850,12
2026,Assembly,KL,THRISSUR,67,1,PADMAJA VENUGOPAL,Bharatiya Janata Party,28193,469
2026,Assembly,KL,THRISSUR,67,2,RAJAN. J. PALLAN,Indian National Congress,59221,1069
2026,Assembly,KL,THRISSUR,67,3,ALANKODE LEELAKRISHNAN,Communist Party of India,32918,569
2026,Assembly,KL,THRISSUR,67,4,RANI ANTO,Aam Aadmi Party,296,3
2026,Assembly,KL,THRISSUR,67,5,ROSILIN CHACKO,Bahujan Samaj Party,136,2
2026,Assembly,KL,THRISSUR,67,6,ARSHED AZIZ,Communist Party of India (Marxist-Leninist) (Liberation),107,3
2026,Assembly,KL,THRISSUR,67,7,RAJAN. M,Independent,150,3
2026,Assembly,KL,THRISSUR,67,8,NOTA,None of the Above,1027,16
2026,Assembly,KL,NATTIKA,68,1,GEETHAGOPI,Communist Party of India,58121,858
2026,Assembly,KL,NATTIKA,68,2,C.C. MUKUNDAN,Bharatiya Janata Party,44727,489
2026,Assembly,KL,NATTIKA,68,3,ADV. SUNIL LALOOR,Indian National Congress,51097,789
2026,Assembly,KL,NATTIKA,68,4,NOTA,None of the Above,1436,18
2026,Assembly,KL,KAIPAMANGALAM,69,1,JAYAN ERATT,Aam Aadmi Party,645,8
2026,Assembly,KL,KAIPAMANGALAM,69,2,T.M. NAZAR,Indian National Congress,54613,891
2026,Assembly,KL,KAIPAMANGALAM,69,3,K.K. VALSARAJ,Communist Party of India,64521,927
2026,Assembly,KL,KAIPAMANGALAM,69,4,ATHULLIAGHOSH VETTIYATTIL,Bharath Dharma Jana Sena,19493,195
2026,Assembly,KL,KAIPAMANGALAM,69,5,MANOJ M.M.,Communist Party of India (Marxist-Leninist) Red Star,327,8
2026,Assembly,KL,KAIPAMANGALAM,69,6,A.M. MUHAMMED RIYAS,Social Democratic Party Of India,534,2
2026,Assembly,KL,KAIPAMANGALAM,69,7,NOTA,None of the Above,685,5
2026,Assembly,KL,IRINJALAKUDA,70,1,THANKAMANY THARAYIL,Bahujan Samaj Party,898,23
2026,Assembly,KL,IRINJALAKUDA,70,2,ADV. THOMAS UNNIYADAN,Kerala Congress,65090,1192
2026,Assembly,KL,IRINJALAKUDA,70,3,DR.R.BINDU,Communist Party of India (Marxist),55049,1021
2026,Assembly,KL,IRINJALAKUDA,70,4,DR. SHAJU KAVUNGAL,Aam Aadmi Party,567,12
2026,Assembly,KL,IRINJALAKUDA,70,5,SANTHOSH CHERAKULAM,Bharatiya Janata Party,26777,390
2026,Assembly,KL,IRINJALAKUDA,70,6,DR. ANISH,Independent,252,7
2026,Assembly,KL,IRINJALAKUDA,70,7,AYYAPPAN MANAKKAL,Independent,98,2
2026,Assembly,KL,IRINJALAKUDA,70,8,NOTA,None of the Above,850,13
2026,Assembly,KL,PUDUKKAD,71,1,JAYAKRISHNAN P N,Aam Aadmi Party,852,11
2026,Assembly,KL,PUDUKKAD,71,2,PARAMESWARAN A (NAGESH),Bharatiya Janata Party,27699,319
2026,Assembly,KL,PUDUKKAD,71,3,P C PUSHPAKARAN,Bahujan Samaj Party,352,7
2026,Assembly,KL,PUDUKKAD,71,4,K M BABURAJAN,Indian National Congress,59318,965
2026,Assembly,KL,PUDUKKAD,71,5,K K RAMACHANDRAN,Communist Party of India (Marxist),62232,904
2026,Assembly,KL,PUDUKKAD,71,6,ANIFA V K,Independent,266,5
2026,Assembly,KL,PUDUKKAD,71,7,NOTA,None of the Above,1216,15
2026,Assembly,KL,CHALAKUDY,72,1,M S ASOKAN MANGALAPPILLY,Bahujan Samaj Party,646,17
2026,Assembly,KL,CHALAKUDY,72,2,ADV. BIJU S CHIRAYATH,Kerala Congress (M),47180,866
2026,Assembly,KL,CHALAKUDY,72,3,WILSON KALLEN,Aam Aadmi Party,509,10
2026,Assembly,KL,CHALAKUDY,72,4,SANEESHKUMAR JOSEPH,Indian National Congress,69786,1416
2026,Assembly,KL,CHALAKUDY,72,5,ADV. CHARLYPAUL,Twenty 20 Party,15833,197
2026,Assembly,KL,CHALAKUDY,72,6,ARUN EDATHADAN,Independent,297,14
2026,Assembly,KL,CHALAKUDY,72,7,A D BIJU,Independent,221,7
2026,Assembly,KL,CHALAKUDY,72,8,NOTA,None of the Above,920,12
2026,Assembly,KL,KODUNGALLUR,73,1,ADV. O J JANEESH,Indian National Congress,63936,1226
2026,Assembly,KL,KODUNGALLUR,73,2,DR. K M FRANCIS ROY,Aam Aadmi Party,433,14
2026,Assembly,KL,KODUNGALLUR,73,3,RAVI A K,Bahujan Samaj Party,467,21
2026,Assembly,KL,KODUNGALLUR,73,4,ADV. V R SUNIL KUMAR,Communist Party of India,55754,1100
2026,Assembly,KL,KODUNGALLUR,73,5,DR. VARGHESE GEORGE,Twenty 20 Party,23619,314
2026,Assembly,KL,KODUNGALLUR,73,6,NANDAGOPAN VELLATHADI,Independent,282,2
2026,Assembly,KL,KODUNGALLUR,73,7,NOTA,None of the Above,738,6
2026,Assembly,KL,PERUMBAVOOR,74,1,ADV. PRASANTH,Bahujan Samaj Party,635,22
2026,Assembly,KL,PERUMBAVOOR,74,2,BASIL PAUL,Kerala Congress (M),45845,809
2026,Assembly,KL,PERUMBAVOOR,74,3,MANOJ MOOTHEDAN,Indian National Congress,73684,1404
2026,Assembly,KL,PERUMBAVOOR,74,4,JIBI PATHICKAL,Twenty 20 Party,22189,308
2026,Assembly,KL,PERUMBAVOOR,74,5,ELDHO GEORGE,Independent,1549,13
2026,Assembly,KL,PERUMBAVOOR,74,6,MOHANAN M A,Independent,220,6
2026,Assembly,KL,PERUMBAVOOR,74,7,NOTA,None of the Above,835,10
2026,Assembly,KL,ANGAMALY,75,1,SAJU PAUL,Communist Party of India (Marxist),40733,590
2026,Assembly,KL,ANGAMALY,75,2,ROJI M JOHN,Indian National Congress,77051,1280
2026,Assembly,KL,ANGAMALY,75,3,PROMY KURIAKOSE,Twenty 20 Party,9788,105
2026,Assembly,KL,ANGAMALY,75,4,P V RAJEESH,Socialist Unity Centre Of India (COMMUNIST),216,4
2026,Assembly,KL,ANGAMALY,75,5,JOBY PAUL UPPAN,Independent,161,2
2026,Assembly,KL,ANGAMALY,75,6,SUPHIL SEBASTIAN,Independent,153,3
2026,Assembly,KL,ANGAMALY,75,7,SUBRAN,Independent,95,1
2026,Assembly,KL,ANGAMALY,75,8,NOTA,None of the Above,656,10
2026,Assembly,KL,ALUVA,76,1,ANWAR SADATH,Indian National Congress,82813,1086
2026,Assembly,KL,ALUVA,76,2,ADVOCATE A.M.ARIFF,Communist Party of India (Marxist),54126,630
2026,Assembly,KL,ALUVA,76,3,M.A.BRAHMARAJ,Bharatiya Janata Party,18514,218
2026,Assembly,KL,ALUVA,76,4,HAKHIKHATH HAMEED,Aam Aadmi Party,403,0
2026,Assembly,KL,ALUVA,76,5,NOTA,None of the Above,1152,20
2026,Assembly,KL,KALAMASSERY,77,1,ADV. V E ABDUL GAFOOR,Indian Union Muslim League,79661,945
2026,Assembly,KL,KALAMASSERY,77,2,P RAJEEVE,Communist Party of India (Marxist),63413,881
2026,Assembly,KL,KALAMASSERY,77,3,SHAMSU T K,Aam Aadmi Party,544,9
2026,Assembly,KL,KALAMASSERY,77,4,SIYAD V A,Bahujan Samaj Party,327,4
2026,Assembly,KL,KALAMASSERY,77,5,AJMAL K MUJEEB,Social Democratic Party Of India,1572,6
2026,Assembly,KL,KALAMASSERY,77,6,BINU,Bharath Dharma Jana Sena,13981,149
2026,Assembly,KL,KALAMASSERY,77,7,A RAJEENA,Socialist Unity Centre Of India (COMMUNIST),299,2
2026,Assembly,KL,KALAMASSERY,77,8,RAJEEV S/O VAREED,Independent,228,5
2026,Assembly,KL,KALAMASSERY,77,9,NOTA,None of the Above,1300,19
2026,Assembly,KL,PARAVUR,78,1,E.T.TAISON MASTER,Communist Party of India,57121,937
2026,Assembly,KL,PARAVUR,78,2,P.K.RAJESH,Bahujan Samaj Party,326,2
2026,Assembly,KL,PARAVUR,78,3,VALSALA PRASANNAKUMAR,Bharatiya Janata Party,20163,214
2026,Assembly,KL,PARAVUR,78,4,ADV.V.D.SATHEESAN,Indian National Congress,77360,1298
2026,Assembly,KL,PARAVUR,78,5,V.M.FAISAL,Social Democratic Party Of India,816,12
2026,Assembly,KL,PARAVUR,78,6,G.GOKULDEV,Independent,170,1
2026,Assembly,KL,PARAVUR,78,7,K.B.SATHEESAN,Independent,200,0
2026,Assembly,KL,PARAVUR,78,8,NOTA,None of the Above,926,9
2026,Assembly,KL,VYPEN,79,1,TONY CHAMMANY,Indian National Congress,65090,1022
2026,Assembly,KL,VYPEN,79,2,MOHANDAS,Aam Aadmi Party,330,12
2026,Assembly,KL,VYPEN,79,3,ADV. M. B. SHYNI,Communist Party of India (Marxist),49713,751
2026,Assembly,KL,VYPEN,79,4,ANITHA THOMAS,Twenty 20 Party,13505,132
2026,Assembly,KL,VYPEN,79,5,T. C. SUBRAHMANYAN,Communist Party of India (Marxist-Leninist) Red Star,259,3
2026,Assembly,KL,VYPEN,79,6,SADASIVAN,Independent,162,1
2026,Assembly,KL,VYPEN,79,7,NOTA,None of the Above,771,10
2026,Assembly,KL,KOCHI,80,1,K.J. MAXY,Communist Party of India (Marxist),55611,519
2026,Assembly,KL,KOCHI,80,2,MOHAMMED SHIYAS,Indian National Congress,63710,608
2026,Assembly,KL,KOCHI,80,3,ANEESH MATTANCHERRY,Social Democratic Party Of India,785,18
2026,Assembly,KL,KOCHI,80,4,ADV. XAVIER JULAPPAN,Twenty 20 Party,11752,102
2026,Assembly,KL,KOCHI,80,5,AJEESH P.E,Independent,316,2
2026,Assembly,KL,KOCHI,80,6,NOTA,None of the Above,912,14
2026,Assembly,KL,THRIPUNITHURA,81,1,K N UNNIKRISHNAN,Communist Party of India (Marxist),51246,542
2026,Assembly,KL,THRIPUNITHURA,81,2,KARTHIKEYAN,Bahujan Samaj Party,421,3
2026,Assembly,KL,THRIPUNITHURA,81,3,THOMAS PAUL KOMAROTH,Aam Aadmi Party,269,3
2026,Assembly,KL,THRIPUNITHURA,81,4,DEEPAK JOY,Indian National Congress,69548,708
2026,Assembly,KL,THRIPUNITHURA,81,5,ANJALI .P. V,Twenty 20 Party,29211,260
2026,Assembly,KL,THRIPUNITHURA,81,6,SATHEESAN,Socialist Unity Centre Of India (COMMUNIST),145,3
2026,Assembly,KL,THRIPUNITHURA,81,7,UNNIKRISHNAN K N,Independent,541,3
2026,Assembly,KL,THRIPUNITHURA,81,8,RAJKUMAR,Independent,75,2
2026,Assembly,KL,THRIPUNITHURA,81,9,SANDEEP RAJENDRAPRASAD,Independent,374,2
2026,Assembly,KL,THRIPUNITHURA,81,10,NOTA,None of the Above,1156,15
2026,Assembly,KL,ERANAKULAM,82,1,MOSES HENRY MOTHA,Aam Aadmi Party,765,18
2026,Assembly,KL,ERANAKULAM,82,2,T.J VINOD,Indian National Congress,60536,760
2026,Assembly,KL,ERANAKULAM,82,3,P.R. SIVASANKAR,Bharatiya Janata Party,18936,218
2026,Assembly,KL,ERANAKULAM,82,4,SABU GEORGE,Independent,24901,232
2026,Assembly,KL,ERANAKULAM,82,5,ASHOKAN,Independent,283,4
2026,Assembly,KL,ERANAKULAM,82,6,NOTA,None of the Above,1069,10
2026,Assembly,KL,THRIKKAKARA,83,1,UMA THOMAS,Indian National Congress,82470,905
2026,Assembly,KL,THRIKKAKARA,83,2,JOSE GEORGE,Aam Aadmi Party,599,6
2026,Assembly,KL,THRIKKAKARA,83,3,ADV. PUSHPA DAS,Communist Party of India (Marxist),32852,312
2026,Assembly,KL,THRIKKAKARA,83,4,AKHIL RAJ (AKHIL MARAR),Twenty 20 Party,21267,157
2026,Assembly,KL,THRIKKAKARA,83,5,JOSEPH ALOSIUS,Social Democratic Party Of India,544,7
2026,Assembly,KL,THRIKKAKARA,83,6,NOTA,None of the Above,1345,8
2026,Assembly,KL,KUNNATHUNAD,84,1,MANIKUTTAN A. T.,Bahujan Samaj Party,373,7
2026,Assembly,KL,KUNNATHUNAD,84,2,ADV. P. V. SREENIJIN,Communist Party of India (Marxist),48167,842
2026,Assembly,KL,KUNNATHUNAD,84,3,V. P. SAJEENDRAN,Indian National Congress,69003,1289
2026,Assembly,KL,KUNNATHUNAD,84,4,BABU DIVAKARAN,Twenty 20 Party,39649,572
2026,Assembly,KL,KUNNATHUNAD,84,5,VAZHAKULAM BHASI,Independent,209,3
2026,Assembly,KL,KUNNATHUNAD,84,6,NOTA,None of the Above,938,14
2026,Assembly,KL,PIRAVOM,85,1,ELDHO ABRAHAM THALIYACHIRA,Aam Aadmi Party,982,22
2026,Assembly,KL,PIRAVOM,85,2,SABU K JACOB,Kerala Congress (M),44019,851
2026,Assembly,KL,PIRAVOM,85,3,ANOOP JACOB,Kerala Congress (Jacob),87654,1897
2026,Assembly,KL,PIRAVOM,85,4,JIBI ABRAHAM,Twenty 20 Party,14640,221
2026,Assembly,KL,PIRAVOM,85,5,T C RAMANAN,Socialist Unity Centre Of India (COMMUNIST),389,8
2026,Assembly,KL,PIRAVOM,85,6,SABU K ERAMATH,Independent,328,5
2026,Assembly,KL,PIRAVOM,85,7,RENNY MATHEW,Independent,259,6
2026,Assembly,KL,PIRAVOM,85,8,NOTA,None of the Above,1089,16
2026,Assembly,KL,MUVATTUPUZHA,86,1,N ARUN,Communist Party of India,46393,692
2026,Assembly,KL,MUVATTUPUZHA,86,2,DR. MATHEW KUZHALNADAN,Indian National Congress,88107,1807
2026,Assembly,KL,MUVATTUPUZHA,86,3,BABU MATHEW,Social Democratic Party Of India,598,11
2026,Assembly,KL,MUVATTUPUZHA,86,4,SUNNY KADOOTHAZHE,Twenty 20 Party,9715,125
2026,Assembly,KL,MUVATTUPUZHA,86,5,NOTA,None of the Above,672,11
2026,Assembly,KL,KOTHAMANGALAM,87,1,ANTONY JOHN,Communist Party of India (Marxist),55568,1052
2026,Assembly,KL,KOTHAMANGALAM,87,2,SHIBU THECKUMPURAM,Kerala Congress,71958,1521
2026,Assembly,KL,KOTHAMANGALAM,87,3,AJI NARAYANAN,Bharath Dharma Jana Sena,6917,129
2026,Assembly,KL,KOTHAMANGALAM,87,4,FINTO XAVIER,Rashtravadi Janata Party,136,1
2026,Assembly,KL,KOTHAMANGALAM,87,5,ROY ARACKAL,Social Democratic Party Of India,698,5
2026,Assembly,KL,KOTHAMANGALAM,87,6,SHIBU KALLEKKATTU,Independent,292,5
2026,Assembly,KL,KOTHAMANGALAM,87,7,SHIBU CHALAKATTU,Independent,190,2
2026,Assembly,KL,KOTHAMANGALAM,87,8,NOTA,None of the Above,606,11
2026,Assembly,KL,DEVIKULAM,88,1,ADV. A. RAJA,Communist Party of India (Marxist),44807,550
2026,Assembly,KL,DEVIKULAM,88,2,F. RAJA,Indian National Congress,49924,666
2026,Assembly,KL,DEVIKULAM,88,3,S.RAJENDRAN,Bharatiya Janata Party,14906,126
2026,Assembly,KL,DEVIKULAM,88,4,RAJENDRAN .V. B,Bahujan Samaj Party,203,3
2026,Assembly,KL,DEVIKULAM,88,5,CHELLADURAI .M,Independent,85,4
2026,Assembly,KL,DEVIKULAM,88,6,SELVI,Independent,193,1
2026,Assembly,KL,DEVIKULAM,88,7,NOTA,None of the Above,662,5
2026,Assembly,KL,UDUMBANCHOLA,89,1,K.K. JAYACHANDRAN,Communist Party of India (Marxist),44247,648
2026,Assembly,KL,UDUMBANCHOLA,89,2,ADV. SENAPATHY VENU,Indian National Congress,63844,1072
2026,Assembly,KL,UDUMBANCHOLA,89,3,P.K. SAJEEVAN,Bahujan Samaj Party,693,9
2026,Assembly,KL,UDUMBANCHOLA,89,4,ADV. SANGEETHA VISWANADHAN,Bharath Dharma Jana Sena,10049,108
2026,Assembly,KL,UDUMBANCHOLA,89,5,NOTA,None of the Above,677,9
2026,Assembly,KL,THODUPUZHA,90,1,APU JOHN JOSEPH,Kerala Congress,82898,1898
2026,Assembly,KL,THODUPUZHA,90,2,ADV. BASIL JOHN,Aam Aadmi Party,2533,70
2026,Assembly,KL,THODUPUZHA,90,3,CYRIAC CHAZHIKADAN,Kerala Congress (M),39774,731
2026,Assembly,KL,THODUPUZHA,90,4,AFSAL M B,Social Democratic Party Of India,1610,16
2026,Assembly,KL,THODUPUZHA,90,5,P T VARGHESE,Socialist Unity Centre Of India (COMMUNIST),228,6
2026,Assembly,KL,THODUPUZHA,90,6,ADV. ROY VARICATTU,Twenty 20 Party,12485,194
2026,Assembly,KL,THODUPUZHA,90,7,AJAY V MARAR (AJAY UNNI),Independent,2551,29
2026,Assembly,KL,THODUPUZHA,90,8,JOMON JOHN,Independent,257,10
2026,Assembly,KL,THODUPUZHA,90,9,NOTA,None of the Above,859,17
2026,Assembly,KL,IDUKKI,91,1,SHIJO ANTONY,Bahujan Samaj Party,964,13
2026,Assembly,KL,IDUKKI,91,2,ROY K PAULOSE,Indian National Congress,69476,1086
2026,Assembly,KL,IDUKKI,91,3,ROSHY AUGUSTINE,Kerala Congress (M),46048,692
2026,Assembly,KL,IDUKKI,91,4,ADV. PRATHEESH PRABHA,Bharath Dharma Jana Sena,9307,103
2026,Assembly,KL,IDUKKI,91,5,NOTA,None of the Above,747,11
2026,Assembly,KL,PEERUMADE,92,1,JOSEPH JACOB,Aam Aadmi Party,505,3
2026,Assembly,KL,PEERUMADE,92,2,K MURALI,Bahujan Samaj Party,424,1
2026,Assembly,KL,PEERUMADE,92,3,RATHEESH VARAKUMALA,Bharatiya Janata Party,9151,67
2026,Assembly,KL,PEERUMADE,92,4,K SALIMKUMAR,Communist Party of India,41591,447
2026,Assembly,KL,PEERUMADE,92,5,ADV.CYRIAC THOMAS,Indian National Congress,68891,781
2026,Assembly,KL,PEERUMADE,92,6,NOTA,None of the Above,785,6
2026,Assembly,KL,PALA,93,1,JOSE K MANI,Kerala Congress (M),46573,1235
2026,Assembly,KL,PALA,93,2,SHONE GEORGE,Bharatiya Janata Party,34614,690
2026,Assembly,KL,PALA,93,3,SANTHOSH NADOOPPARAMPIL,Bahujan Samaj Party,246,8
2026,Assembly,KL,PALA,93,4,ADV.RONY NEDUMPALLIL,Aam Aadmi Party,497,9
2026,Assembly,KL,PALA,93,5,C G BABU,Independent,319,6
2026,Assembly,KL,PALA,93,6,MANI C KAPPEN,Independent,49465,1334
2026,Assembly,KL,PALA,93,7,SANTHOSH PULICKAL,Independent,270,2
2026,Assembly,KL,PALA,93,8,NOTA,None of the Above,577,6
2026,Assembly,KL,KADUTHURUTHY,94,1,JIJITH K JOY,Bahujan Samaj Party,1309,15
2026,Assembly,KL,KADUTHURUTHY,94,2,DOMINIC SIMON,Aam Aadmi Party,614,14
2026,Assembly,KL,KADUTHURUTHY,94,3,NIRMALA JIMMY,Kerala Congress (M),38130,923
2026,Assembly,KL,KADUTHURUTHY,94,4,ADV.MONS JOSEPH,Kerala Congress,68497,1856
2026,Assembly,KL,KADUTHURUTHY,94,5,SURESH ETTIKUNNEL,Bharath Dharma Jana Sena,12059,169
2026,Assembly,KL,KADUTHURUTHY,94,6,INDU,Independent,130,4
2026,Assembly,KL,KADUTHURUTHY,94,7,M.M.SCARIA,Independent,133,1
2026,Assembly,KL,KADUTHURUTHY,94,8,NOTA,None of the Above,884,14
2026,Assembly,KL,VAIKOM,95,1,K AJITH,Bharatiya Janata Party,19964,333
2026,Assembly,KL,VAIKOM,95,2,P PRADEEP,Communist Party of India,50519,1065
2026,Assembly,KL,VAIKOM,95,3,K BINIMON,Indian National Congress,51825,1119
2026,Assembly,KL,VAIKOM,95,4,SUMAM P S,Bahujan Samaj Party,277,3
2026,Assembly,KL,VAIKOM,95,5,T M BOSE,Socialist Unity Centre Of India (COMMUNIST),113,2
2026,Assembly,KL,VAIKOM,95,6,ADV. P I JAYAKUMAR,Independent,158,0
2026,Assembly,KL,VAIKOM,95,7,PRADEEP S/O KUTTAPPAN,Independent,122,1
2026,Assembly,KL,VAIKOM,95,8,NOTA,None of the Above,718,19
2026,Assembly,KL,ETTUMANOOR,96,1,NATTAKOM SURESH,Indian National Congress,62792,1285
2026,Assembly,KL,ETTUMANOOR,96,2,BINOY JOSEPH KULATHUNKAL,Bahujan Samaj Party,449,6
2026,Assembly,KL,ETTUMANOOR,96,3,V. N. VASAVAN,Communist Party of India (Marxist),43381,944
2026,Assembly,KL,ETTUMANOOR,96,4,ATHIRA D NAIR,Twenty 20 Party,12737,238
2026,Assembly,KL,ETTUMANOOR,96,5,ASHNA THAMBI,Socialist Unity Centre Of India (COMMUNIST),274,3
2026,Assembly,KL,ETTUMANOOR,96,6,RAJMOHAN VETTIKULANGARA UNNI,Independent,202,3
2026,Assembly,KL,ETTUMANOOR,96,7,NOTA,None of the Above,588,10
2026,Assembly,KL,KOTTAYAM,97,1,ADV.K. ANILKUMAR,Communist Party of India (Marxist),32323,584
2026,Assembly,KL,KOTTAYAM,97,2,THIRUVANCHOOR RADHAKRISHNAN,Indian National Congress,67611,1282
2026,Assembly,KL,KOTTAYAM,97,3,DR .CELINE PHILIP,Aam Aadmi Party,1193,9
2026,Assembly,KL,KOTTAYAM,97,4,P ANILKUMAR,Bharath Dharma Jana Sena,9607,119
2026,Assembly,KL,KOTTAYAM,97,5,RALESH CHANDRAN,Socialist Unity Centre Of India (COMMUNIST),167,4
2026,Assembly,KL,KOTTAYAM,97,6,SHAIJU KURIAN,Independent,136,1
2026,Assembly,KL,KOTTAYAM,97,7,NOTA,None of the Above,705,6
2026,Assembly,KL,PUTHUPPALLY,98,1,ADV. CHANDY OOMMEN,Indian National Congress,82172,1859
2026,Assembly,KL,PUTHUPPALLY,98,2,PAUL P CHACKO (SHAJI KADAYIL),Bahujan Samaj Party,657,6
2026,Assembly,KL,PUTHUPPALLY,98,3,RAVEENDRANATH VAKATHANAM,Bharatiya Janata Party,11376,168
2026,Assembly,KL,PUTHUPPALLY,98,4,K. M. RADHAKRISHNAN,Communist Party of India (Marxist),30531,593
2026,Assembly,KL,PUTHUPPALLY,98,5,SABU MYLAKKADAN,Janam Rashtriya Party,122,0
2026,Assembly,KL,PUTHUPPALLY,98,6,RIJOMON MATHEW,Independent,82,1
2026,Assembly,KL,PUTHUPPALLY,98,7,NOTA,None of the Above,612,1
2026,Assembly,KL,CHANGANASSERY,99,1,USHA JOHNSON,Bahujan Samaj Party,868,15
2026,Assembly,KL,CHANGANASSERY,99,2,ADV. JOB MAICHIL,Kerala Congress (M),46958,665
2026,Assembly,KL,CHANGANASSERY,99,3,B RADHAKRISHNA MENON,Bharatiya Janata Party,14539,264
2026,Assembly,KL,CHANGANASSERY,99,4,VINU JOB KUZHIMANNIL,Kerala Congress,54994,997
2026,Assembly,KL,CHANGANASSERY,99,5,PROF.DR.SAJU KANNANTHARA,Aam Aadmi Party,247,9
2026,Assembly,KL,CHANGANASSERY,99,6,ARAVIND V,Socialist Unity Centre Of India (COMMUNIST),326,5
2026,Assembly,KL,CHANGANASSERY,99,7,ALTHAF HASSAN,Social Democratic Party Of India,559,5
2026,Assembly,KL,CHANGANASSERY,99,8,JOSE JOSEPH,Janam Rashtriya Party,43,0
2026,Assembly,KL,CHANGANASSERY,99,9,DR.KALKI P,Independent,67,0
2026,Assembly,KL,CHANGANASSERY,99,10,JOEMON JOSEPH SRAMPICKAL A P J JUMAN V S,Independent,55,2
2026,Assembly,KL,CHANGANASSERY,99,11,NOTA,None of the Above,512,20
2026,Assembly,KL,KANJIRAPPALLY,100,1,DR. N. JAYARAJ,Kerala Congress (M),49823,1051
2026,Assembly,KL,KANJIRAPPALLY,100,2,ADV. GEORGE KURIAN,Bharatiya Janata Party,26423,561
2026,Assembly,KL,KANJIRAPPALLY,100,3,THAMPI KAVUMPADAM,Bahujan Samaj Party,682,14
2026,Assembly,KL,KANJIRAPPALLY,100,4,RONY K BABY,Indian National Congress,55260,1386
2026,Assembly,KL,KANJIRAPPALLY,100,5,NOTA,None of the Above,778,10
2026,Assembly,KL,POONJAR,101,1,P.C. GEORGE,Bharatiya Janata Party,35536,636
2026,Assembly,KL,POONJAR,101,2,SHINY A C,Bahujan Samaj Party,590,13
2026,Assembly,KL,POONJAR,101,3,ADV.SEBASTIAN M.J,Indian National Congress,55752,1148
2026,Assembly,KL,POONJAR,101,4,ADV. SEBASTIAN KULATHUNKAL,Kerala Congress (M),49399,808
2026,Assembly,KL,POONJAR,101,5,ABHIRAM BABU,Independent,202,3
2026,Assembly,KL,POONJAR,101,6,MAYAMOL K P,Independent,132,4
2026,Assembly,KL,POONJAR,101,7,SANTHOSH JOSEPH,Independent,73,0
2026,Assembly,KL,POONJAR,101,8,NOTA,None of the Above,491,7
2026,Assembly,KL,AROOR,102,1,DALEEMA,Communist Party of India (Marxist),64169,976
2026,Assembly,KL,AROOR,102,2,ADV. SHANIMOL OSMAN,Indian National Congress,73382,1087
2026,Assembly,KL,AROOR,102,3,ADV. P.S. JYOTHIS,Bharath Dharma Jana Sena,20055,279
2026,Assembly,KL,AROOR,102,4,VAYALAR RAJEEVAN,Bahujan Dravida Party,293,4
2026,Assembly,KL,AROOR,102,5,N.K. SASIKUMAR,Socialist Unity Centre Of India (COMMUNIST),314,3
2026,Assembly,KL,AROOR,102,6,VIPIN,Independent,233,5
2026,Assembly,KL,AROOR,102,7,NOTA,None of the Above,1151,23
2026,Assembly,KL,CHERTHALA,103,1,P. PRASAD,Communist Party of India,81713,1503
2026,Assembly,KL,CHERTHALA,103,2,K.R. RAJENDRA PRASAD,Indian National Congress,67363,1364
2026,Assembly,KL,CHERTHALA,103,3,ADV. T.P. ANANTHARAJ,Bharath Dharma Jana Sena,17747,250
2026,Assembly,KL,CHERTHALA,103,4,NANDAKUMAR,Independent,451,4
2026,Assembly,KL,CHERTHALA,103,5,A.P. PRASAD S/O PURUSHOTHAMAN,Independent,363,3
2026,Assembly,KL,CHERTHALA,103,6,RAJENDRA PRASAD S/O PRABHAKARAN,Independent,245,4
2026,Assembly,KL,CHERTHALA,103,7,ADV. SONNYMON K .MATHEW,Independent,190,0
2026,Assembly,KL,CHERTHALA,103,8,NOTA,None of the Above,1001,20
2026,Assembly,KL,ALAPPUZHA,104,1,P.P.CHITHARANJAN,Communist Party of India (Marxist),59371,679
2026,Assembly,KL,ALAPPUZHA,104,2,M.J JOB,Bharatiya Janata Party,15232,141
2026,Assembly,KL,ALAPPUZHA,104,3,A.D THOMAS,Indian National Congress,80230,835
2026,Assembly,KL,ALAPPUZHA,104,4,JOSEPH CHACKO,Independent,159,4
2026,Assembly,KL,ALAPPUZHA,104,5,JYOTHI ABRAHAM,Independent,93,5
2026,Assembly,KL,ALAPPUZHA,104,6,ALLEPPEY SUGUNAN,Independent,116,1
2026,Assembly,KL,ALAPPUZHA,104,7,NOTA,None of the Above,779,16
2026,Assembly,KL,AMBALAPPUZHA,105,1,ARUN ANIRUDHAN,Bharatiya Janata Party,16063,285
2026,Assembly,KL,AMBALAPPUZHA,105,2,H. SALAM,Communist Party of India (Marxist),46375,874
2026,Assembly,KL,AMBALAPPUZHA,105,3,JOHNSON MATHEW,Socialist Unity Centre Of India (COMMUNIST),1001,19
2026,Assembly,KL,AMBALAPPUZHA,105,4,G.SUDHAKARAN,Independent,73854,1330
2026,Assembly,KL,AMBALAPPUZHA,105,5,NOTA,None of the Above,958,22
2026,Assembly,KL,KUTTANAD,106,1,ROY MUTTAR,Aam Aadmi Party,666,23
2026,Assembly,KL,KUTTANAD,106,2,REJI CHERIYAN,Kerala Congress,55538,1056
2026,Assembly,KL,KUTTANAD,106,3,THOMAS K. THOMAS,Nationalist Congress Party - Sharadchandra Pawar,35429,565
2026,Assembly,KL,KUTTANAD,106,4,P.K. SASI,Socialist Unity Centre Of India (COMMUNIST),628,28
2026,Assembly,KL,KUTTANAD,106,5,SANTHOSH SANTHI,Bharath Dharma Jana Sena,16702,230
2026,Assembly,KL,KUTTANAD,106,6,JAISAPPAN MATHAI,Independent,463,8
2026,Assembly,KL,KUTTANAD,106,7,JOEMON JOSEPH SRAMPICKAL A. P. J. JUMAN V. S.,Independent,276,4
2026,Assembly,KL,KUTTANAD,106,8,RENJU T. R.,Independent,226,5
2026,Assembly,KL,KUTTANAD,106,9,NOTA,None of the Above,693,20
2026,Assembly,KL,HARIPAD,107,1,T.T.JISMON,Communist Party of India,43956,851
2026,Assembly,KL,HARIPAD,107,2,RAMESH CHENNITHALA,Indian National Congress,66495,1689
2026,Assembly,KL,HARIPAD,107,3,SANDHEEP VAACHASPATHI,Bharatiya Janata Party,30471,551
2026,Assembly,KL,HARIPAD,107,4,VIDHYA V.P,Socialist Unity Centre Of India (COMMUNIST),217,14
2026,Assembly,KL,HARIPAD,107,5,RAMESH C,Independent,55,4
2026,Assembly,KL,HARIPAD,107,6,SOUMYA V.SASIDHARAN,Independent,62,7
2026,Assembly,KL,HARIPAD,107,7,NOTA,None of the Above,459,6
2026,Assembly,KL,KAYAMKULAM,108,1,ADV.U.PRATHIBHA,Communist Party of India (Marxist),59950,1129
2026,Assembly,KL,KAYAMKULAM,108,2,ADV.M.LIJU,Indian National Congress,75179,1472
2026,Assembly,KL,KAYAMKULAM,108,3,THAMPI METTUTHARA,Bharath Dharma Jana Sena,16671,302
2026,Assembly,KL,KAYAMKULAM,108,4,NOTA,None of the Above,677,19
2026,Assembly,KL,MAVELIKKARA,109,1,K. AJIMON,Bharatiya Janata Party,22719,481
2026,Assembly,KL,MAVELIKKARA,109,2,M.S. ARUN KUMAR,Communist Party of India (Marxist),65859,1321
2026,Assembly,KL,MAVELIKKARA,109,3,ADV. MUTHARA RAJ,Indian National Congress,50353,1091
2026,Assembly,KL,MAVELIKKARA,109,4,SURESH NOORANAD,Ambedkarite Party of India,267,11
2026,Assembly,KL,MAVELIKKARA,109,5,NOTA,None of the Above,556,9
2026,Assembly,KL,CHENGANNUR,110,1,ADV. ABI KURIAKOSE,Indian National Congress,46601,966
2026,Assembly,KL,CHENGANNUR,110,2,M. V .GOPAKUMAR,Bharatiya Janata Party,30407,535
2026,Assembly,KL,CHENGANNUR,110,3,SAJI CHERIAN,Communist Party of India (Marxist),56842,1017
2026,Assembly,KL,CHENGANNUR,110,4,B. PRANEESH,Socialist Unity Centre Of India (COMMUNIST),415,14
2026,Assembly,KL,CHENGANNUR,110,5,NOTA,None of the Above,630,8
2026,Assembly,KL,THIRUVALLA,111,1,ANOOP ANTONY,Bharatiya Janata Party,42302,776
2026,Assembly,KL,THIRUVALLA,111,2,RAMESH CHATHENKARY,Bahujan Samaj Party,976,23
2026,Assembly,KL,THIRUVALLA,111,3,ADV.VARGHESE MAMMEN,Kerala Congress,51941,1283
2026,Assembly,KL,THIRUVALLA,111,4,ADV. MATHEW T THOMAS,Independent,41217,806
2026,Assembly,KL,THIRUVALLA,111,5,AJU ALEX,Independent,214,6
2026,Assembly,KL,THIRUVALLA,111,6,THOMAS MAMMEN,Independent,536,17
2026,Assembly,KL,THIRUVALLA,111,7,ZEEN THOMAS,Independent,140,4
2026,Assembly,KL,THIRUVALLA,111,8,NOTA,None of the Above,501,3
2026,Assembly,KL,RANNI,112,1,ADV. PRAMOD NARAYAN,Kerala Congress (M),49466,842
2026,Assembly,KL,RANNI,112,2,ADV. PAZHAKULAM MADHU,Indian National Congress,53351,1301
2026,Assembly,KL,RANNI,112,3,THOMAS K SAMUEL (BLESSON),Twenty 20 Party,17745,248
2026,Assembly,KL,RANNI,112,4,SREEHARI K P,Independent,319,14
2026,Assembly,KL,RANNI,112,5,NOTA,None of the Above,550,7
2026,Assembly,KL,ARANMULA,113,1,ABIN VARKEY KODIYATTU,Indian National Congress,68189,1894
2026,Assembly,KL,ARANMULA,113,2,KUMMANAM RAJASEKHARAN,Bharatiya Janata Party,34262,721
2026,Assembly,KL,ARANMULA,113,3,PRABHAKARAN V. R,Bahujan Samaj Party,339,8
2026,Assembly,KL,ARANMULA,113,4,VEENA GEORGE,Communist Party of India (Marxist),50134,964
2026,Assembly,KL,ARANMULA,113,5,RADHAMANI,Socialist Unity Centre Of India (COMMUNIST),224,5
2026,Assembly,KL,ARANMULA,113,6,OMALLOOR RAMACHANDRAN,Ambedkarite Party of India,93,2
2026,Assembly,KL,ARANMULA,113,7,NOTA,None of the Above,598,17
2026,Assembly,KL,KONNI,114,1,ADV K U JENISH KUMAR,Communist Party of India (Marxist),59255,1125
2026,Assembly,KL,KONNI,114,2,PROF SATHEESH KOCHUPARAMBIL,Indian National Congress,57186,1356
2026,Assembly,KL,KONNI,114,3,SUNDARESAN T P,Bharath Dharma Jana Sena,14992,286
2026,Assembly,KL,KONNI,114,4,ADV VARUGHESE OOMMEN,Independent,384,16
2026,Assembly,KL,KONNI,114,5,NOTA,None of the Above,788,17
2026,Assembly,KL,ADOOR,115,1,ADV. PANDALAM PRATHAPAN,Bharatiya Janata Party,25810,527
2026,Assembly,KL,ADOOR,115,2,PRIJI KANNAN,Communist Party of India,54777,1044
2026,Assembly,KL,ADOOR,115,3,ADVOCATE C V SANTHAKUMAR,Indian National Congress,64807,1346
2026,Assembly,KL,ADOOR,115,4,SIVAKUMAR C S,Bahujan Samaj Party,565,11
2026,Assembly,KL,ADOOR,115,5,NOTA,None of the Above,768,15
2026,Assembly,KL,KARUNAGAPPALLY,116,1,V.S. JITHIN DEV,Bharatiya Janata Party,31554,567
2026,Assembly,KL,KARUNAGAPPALLY,116,2,ADV.M.S. THARA,Communist Party of India,54734,1241
2026,Assembly,KL,KARUNAGAPPALLY,116,3,C.R. MAHESH,Indian National Congress,80775,1818
2026,Assembly,KL,KARUNAGAPPALLY,116,4,TWINKLE PRABHAKARAN,Socialist Unity Centre Of India (COMMUNIST),287,8
2026,Assembly,KL,KARUNAGAPPALLY,116,5,LATHEEF,Social Democratic Party Of India,1219,8
2026,Assembly,KL,KARUNAGAPPALLY,116,6,NOTA,None of the Above,512,13
2026,Assembly,KL,CHAVARA,117,1,K.R.RAJESH,Bharatiya Janata Party,10832,180
2026,Assembly,KL,CHAVARA,117,2,SHIBU BABY JOHN,Revolutionary Socialist Party,72688,1620
2026,Assembly,KL,CHAVARA,117,3,DR.SUJITH VIJAYANPILLAI,Independent,54546,1189
2026,Assembly,KL,CHAVARA,117,4,NOTA,None of the Above,1276,13
2026,Assembly,KL,KUNNATHUR,118,1,ULLAS KOVUR,Revolutionary Socialist Party,79470,2018
2026,Assembly,KL,KUNNATHUR,118,2,RAJI PRASAD,Bharatiya Janata Party,24297,544
2026,Assembly,KL,KUNNATHUR,118,3,KOVOOR KUNJUMON,Kerala Revolutionary Socialist Party (Leninist- Marxist),54763,1411
2026,Assembly,KL,KUNNATHUR,118,4,T. SASIDHARAN,Socialist Unity Centre Of India (COMMUNIST),343,23
2026,Assembly,KL,KUNNATHUR,118,5,MANTHARA VELAYUDHAN,Independent,382,22
2026,Assembly,KL,KUNNATHUR,118,6,NOTA,None of the Above,805,23
2026,Assembly,KL,KOTTARAKKARA,119,1,ADV.P. AISHA POTTY,Indian National Congress,61317,1597
2026,Assembly,KL,KOTTARAKKARA,119,2,K.N. BALAGOPAL,Communist Party of India (Marxist),62379,1547
2026,Assembly,KL,KOTTARAKKARA,119,3,MAMACHAN DANIEL,Aam Aadmi Party,374,12
2026,Assembly,KL,KOTTARAKKARA,119,4,R. RESMI,Bharatiya Janata Party,20179,485
2026,Assembly,KL,KOTTARAKKARA,119,5,WILFRED ZACHARIAS,Bahujan Samaj Party,231,5
2026,Assembly,KL,KOTTARAKKARA,119,6,SURESH. G,Equality Party of India,114,3
2026,Assembly,KL,KOTTARAKKARA,119,7,NOTA,None of the Above,590,21
2026,Assembly,KL,PATHANAPURAM,120,1,JYOTHI KUMAR CHAMAKKALA,Indian National Congress,66968,1307
2026,Assembly,KL,PATHANAPURAM,120,2,VIPIN KANIKONATHU,Bahujan Samaj Party,610,19
2026,Assembly,KL,PATHANAPURAM,120,3,ANIL PILLAI,Twenty 20 Party,6897,134
2026,Assembly,KL,PATHANAPURAM,120,4,ANEESH KILIMANOOR,Democratic Human Rights Movement Party,292,5
2026,Assembly,KL,PATHANAPURAM,120,5,K B GANESH KUMAR,Kerala Congress (B),58978,987
2026,Assembly,KL,PATHANAPURAM,120,6,N P GENASH KUMAR S/O PARAMU,Independent,541,6
2026,Assembly,KL,PATHANAPURAM,120,7,JYOTHISH KUMAR M,Independent,261,5
2026,Assembly,KL,PATHANAPURAM,120,8,NOTA,None of the Above,603,10
2026,Assembly,KL,PUNALUR,121,1,C. AJAYAPRASAD,Communist Party of India,70657,1287
2026,Assembly,KL,PUNALUR,121,2,JOSE SARANATH,Bahujan Samaj Party,1378,47
2026,Assembly,KL,PUNALUR,121,3,NOUSHAD YOUNUS,Indian Union Muslim League,49624,791
2026,Assembly,KL,PUNALUR,121,4,NEDUMONCAVU GOPALAKRISHNAN,Equality Party of India,1522,16
2026,Assembly,KL,PUNALUR,121,5,K. MAHESH,Socialist Unity Centre Of India (COMMUNIST),542,18
2026,Assembly,KL,PUNALUR,121,6,ADV. REGHUNADH KAMUKUMCHERY,Twenty 20 Party,15179,214
2026,Assembly,KL,PUNALUR,121,7,NOTA,None of the Above,1247,34
2026,Assembly,KL,CHADAYAMANGALAM,122,1,R.S. ARUNRAJ,Bharatiya Janata Party,20582,389
2026,Assembly,KL,CHADAYAMANGALAM,122,2,J. CHINCHURANI,Communist Party of India,59417,1378
2026,Assembly,KL,CHADAYAMANGALAM,122,3,M. M. NASEER,Indian National Congress,66974,1307
2026,Assembly,KL,CHADAYAMANGALAM,122,4,AJI KADASSERY,Democratic Human Rights Movement Party,371,10
2026,Assembly,KL,CHADAYAMANGALAM,122,5,SHARAFATH MALLAM,Social Democratic Party Of India,1656,18
2026,Assembly,KL,CHADAYAMANGALAM,122,6,G. JAYAN MOONLIGHT CHITHARA,Independent,274,3
2026,Assembly,KL,CHADAYAMANGALAM,122,7,NOTA,None of the Above,865,16
2026,Assembly,KL,KUNDARA,123,1,LATHIKA BALAKRISHNAN,Bahujan Samaj Party,567,5
2026,Assembly,KL,KUNDARA,123,2,P. C. VISHNUNADH,Indian National Congress,86238,1624
2026,Assembly,KL,KUNDARA,123,3,S. L. SAJIKUMAR,Communist Party of India (Marxist),54315,983
2026,Assembly,KL,KUNDARA,123,4,DR. ROBIN RADHAKRISHNAN,Bharatiya Janata Party,18737,259
2026,Assembly,KL,KUNDARA,123,5,RAHUL R.,Socialist Unity Centre Of India (COMMUNIST),266,3
2026,Assembly,KL,KUNDARA,123,6,RIYAS KANNANALLOOR,Independent,718,4
2026,Assembly,KL,KUNDARA,123,7,NOTA,None of the Above,682,13
2026,Assembly,KL,KOLLAM,124,1,S. JAYAMOHAN,Communist Party of India (Marxist),45730,856
2026,Assembly,KL,KOLLAM,124,2,DR. PRATHAP KUMAR N,Bharatiya Janata Party,18252,285
2026,Assembly,KL,KOLLAM,124,3,ADV. BINDHU KRISHNA,Indian National Congress,62298,1118
2026,Assembly,KL,KOLLAM,124,4,ADV. SINU.L.R,Aam Aadmi Party,288,2
2026,Assembly,KL,KOLLAM,124,5,MYLODE SUDHAN,Bahujan Samaj Party,144,2
2026,Assembly,KL,KOLLAM,124,6,NOTA,None of the Above,695,20
2026,Assembly,KL,ERAVIPURAM,125,1,M.NOUSHAD,Communist Party of India (Marxist),54742,838
2026,Assembly,KL,ERAVIPURAM,125,2,ADV.VISHNU MOHAN,Revolutionary Socialist Party,63592,791
2026,Assembly,KL,ERAVIPURAM,125,3,SAJEE D ANAND,Bharath Dharma Jana Sena,10347,122
2026,Assembly,KL,ERAVIPURAM,125,4,NOUSHAD A S/O.ALIYARU KUNJU,Independent,432,11
2026,Assembly,KL,ERAVIPURAM,125,5,FIROZ S R,Independent,589,8
2026,Assembly,KL,ERAVIPURAM,125,6,NOTA,None of the Above,889,23
2026,Assembly,KL,CHATHANNOOR,126,1,ARUN CHATHANNOOR,Aam Aadmi Party,621,6
2026,Assembly,KL,CHATHANNOOR,126,2,B.B.GOPAKUMAR,Bharatiya Janata Party,51250,673
2026,Assembly,KL,CHATHANNOOR,126,3,ADV.R.RAJENDRAN,Communist Party of India,46692,833
2026,Assembly,KL,CHATHANNOOR,126,4,SOORAJ RAVI,Indian National Congress,34618,658
2026,Assembly,KL,CHATHANNOOR,126,5,SINDHU PUTHENKULAM,Democratic Human Rights Movement Party,427,1
2026,Assembly,KL,CHATHANNOOR,126,6,NOTA,None of the Above,715,13
2026,Assembly,KL,VARKALA,127,1,ADV.V JOY,Communist Party of India (Marxist),54100,1265
2026,Assembly,KL,VARKALA,127,2,RAJU S KOTTARAKONAM,Bahujan Samaj Party,935,14
2026,Assembly,KL,VARKALA,127,3,VARKALA KAHAR,Indian National Congress,52358,957
2026,Assembly,KL,VARKALA,127,4,ADV.SMITHA SUNDARESAN,Bharatiya Janata Party,26974,426
2026,Assembly,KL,VARKALA,127,5,VINOD ELAKAMON,Democratic Human Rights Movement Party,285,5
2026,Assembly,KL,VARKALA,127,6,KANNAN M K,Independent,44,3
2026,Assembly,KL,VARKALA,127,7,VIVEKANANDAN K,Independent,56,3
2026,Assembly,KL,VARKALA,127,8,SAJU,Independent,55,2
2026,Assembly,KL,VARKALA,127,9,HARIKRISHNAN S G,Independent,95,2
2026,Assembly,KL,VARKALA,127,10,NOTA,None of the Above,644,8
2026,Assembly,KL,ATTINGAL,128,1,O.S AMBIKA,Communist Party of India (Marxist),57361,1802
2026,Assembly,KL,ATTINGAL,128,2,SANTHOSH BHADRAN,Revolutionary Socialist Party,40311,1061
2026,Assembly,KL,ATTINGAL,128,3,S. SUJITHRA,Bahujan Samaj Party,886,19
2026,Assembly,KL,ATTINGAL,128,4,ADV. P SUDHEER,Bharatiya Janata Party,44929,859
2026,Assembly,KL,ATTINGAL,128,5,JAYARAJAN M,Social Democratic Party Of India,1011,8
2026,Assembly,KL,ATTINGAL,128,6,SUNITHA KILIMANOOR,Democratic Human Rights Movement Party,387,10
2026,Assembly,KL,ATTINGAL,128,7,NOTA,None of the Above,1243,29
2026,Assembly,KL,CHIRAYINKEEZHU,129,1,B. S. ANOOP,Bharatiya Janata Party,32420,500
2026,Assembly,KL,CHIRAYINKEEZHU,129,2,MANOJ EDAMANA,Communist Party of India,54296,1115
2026,Assembly,KL,CHIRAYINKEEZHU,129,3,RAMYA HARIDAS,Indian National Congress,55687,1146
2026,Assembly,KL,CHIRAYINKEEZHU,129,4,R. SASI,Bahujan Samaj Party,726,17
2026,Assembly,KL,CHIRAYINKEEZHU,129,5,ANOOP ALAPPURAMKUNNU,Democratic Human Rights Movement Party,609,8
2026,Assembly,KL,CHIRAYINKEEZHU,129,6,NOTA,None of the Above,1030,12
2026,Assembly,KL,NEDUMANGAD,130,1,G R ANIL,Communist Party of India,67512,1694
2026,Assembly,KL,NEDUMANGAD,130,2,YUVRAJ GOKUL,Bharatiya Janata Party,38172,827
2026,Assembly,KL,NEDUMANGAD,130,3,MEENANKAL KUMAR,Indian National Congress,46500,1123
2026,Assembly,KL,NEDUMANGAD,130,4,SUJILAL B G,Bahujan Samaj Party,400,8
2026,Assembly,KL,NEDUMANGAD,130,5,BATHERUTHEEN A (ZIAD KANDALA),Social Democratic Party Of India,1177,14
2026,Assembly,KL,NEDUMANGAD,130,6,SHIBU G,Democratic Human Rights Movement Party,170,1
2026,Assembly,KL,NEDUMANGAD,130,7,ANVAR SADATH,Independent,91,4
2026,Assembly,KL,NEDUMANGAD,130,8,KUMAR,Independent,93,0
2026,Assembly,KL,NEDUMANGAD,130,9,VEMBAYAM YESUDAS,Independent,127,2
2026,Assembly,KL,NEDUMANGAD,130,10,NOTA,None of the Above,959,20
2026,Assembly,KL,VAMANAPURAM,131,1,MURALEEDHARAN NAIR D K,Communist Party of India (Marxist),59713,1692
2026,Assembly,KL,VAMANAPURAM,131,2,MUHAMMED SUDHEERSHA S,Indian National Congress,71959,1631
2026,Assembly,KL,VAMANAPURAM,131,3,VIPINLAL V A,Bahujan Samaj Party,713,21
2026,Assembly,KL,VAMANAPURAM,131,4,RATHEESH R,Democratic Human Rights Movement Party,267,8
2026,Assembly,KL,VAMANAPURAM,131,5,VENU,Bharath Dharma Jana Sena,11901,192
2026,Assembly,KL,VAMANAPURAM,131,6,MURALEEDHARAN NAIR G,Independent,166,7
2026,Assembly,KL,VAMANAPURAM,131,7,NOTA,None of the Above,780,32
2026,Assembly,KL,KAZHAKOOTTAM,132,1,KADAKAMPALLY SURENDRAN,Communist Party of India (Marxist),45296,840
2026,Assembly,KL,KAZHAKOOTTAM,132,2,V. MURALEEDHARAN,Bharatiya Janata Party,45908,656
2026,Assembly,KL,KAZHAKOOTTAM,132,3,T. S. RAJAN,Bahujan Samaj Party,292,6
2026,Assembly,KL,KAZHAKOOTTAM,132,4,ADVOCATE T. SARATHCHANDRA PRASAD,Indian National Congress,36501,682
2026,Assembly,KL,KAZHAKOOTTAM,132,5,DEEBIKA KARIMANAL,Democratic Human Rights Movement Party,251,9
2026,Assembly,KL,KAZHAKOOTTAM,132,6,SREEKANTAN NAIR V.,Independent,66,2
2026,Assembly,KL,KAZHAKOOTTAM,132,7,K. SURENDRAN,Independent,97,0
2026,Assembly,KL,KAZHAKOOTTAM,132,8,NOTA,None of the Above,963,18
2026,Assembly,KL,VATTIYOORKAVU,133,1,ADV. V.K PRASANTH,Communist Party of India (Marxist),42058,855
2026,Assembly,KL,VATTIYOORKAVU,133,2,N. MURALI,Bahujan Samaj Party,297,2
2026,Assembly,KL,VATTIYOORKAVU,133,3,K. MURALEEDHARAN,Indian National Congress,47224,1114
2026,Assembly,KL,VATTIYOORKAVU,133,4,R. SREELEKHA,Bharatiya Janata Party,36558,655
2026,Assembly,KL,VATTIYOORKAVU,133,5,EMIL B.S,Socialist Unity Centre Of India (COMMUNIST),127,4
2026,Assembly,KL,VATTIYOORKAVU,133,6,PRASANTH. K S/O. KARUNAKARAN.C,Independent,143,0
2026,Assembly,KL,VATTIYOORKAVU,133,7,MURALIDHARAN. P S/O. K. PONNAN,Independent,61,1
2026,Assembly,KL,VATTIYOORKAVU,133,8,SREEKANTAN NAIR V,Independent,66,0
2026,Assembly,KL,VATTIYOORKAVU,133,9,NOTA,None of the Above,592,8
2026,Assembly,KL,THIRUVANANTHAPURAM,134,1,KARAMANA JAYAN,Bharatiya Janata Party,34531,594
2026,Assembly,KL,THIRUVANANTHAPURAM,134,2,SAMIN SATHYADAS,Aam Aadmi Party,547,9
2026,Assembly,KL,THIRUVANANTHAPURAM,134,3,ADV. SEN,Bahujan Samaj Party,450,13
2026,Assembly,KL,THIRUVANANTHAPURAM,134,4,KARTHIKA DEVI M,Janam Rashtriya Party,202,8
2026,Assembly,KL,THIRUVANANTHAPURAM,134,5,C P JOHN,Communist Marxist Party Kerala State Committee,44921,665
2026,Assembly,KL,THIRUVANANTHAPURAM,134,6,A SABOORA,Socialist Unity Centre Of India (COMMUNIST),217,10
2026,Assembly,KL,THIRUVANANTHAPURAM,134,7,PRADEEP KUMAR P,Independent,495,11
2026,Assembly,KL,THIRUVANANTHAPURAM,134,8,BINDHU MENON L R,Independent,174,3
2026,Assembly,KL,THIRUVANANTHAPURAM,134,9,MANOMOHAN,Independent,234,3
2026,Assembly,KL,THIRUVANANTHAPURAM,134,10,SUDHIR KARAMANA,Independent,35312,411
2026,Assembly,KL,THIRUVANANTHAPURAM,134,11,SURESH KUMAR,Independent,752,17
2026,Assembly,KL,THIRUVANANTHAPURAM,134,12,NOTA,None of the Above,897,12
2026,Assembly,KL,NEMOM,135,1,RAJEEV CHANDRASEKHAR,Bharatiya Janata Party,56270,922
2026,Assembly,KL,NEMOM,135,2,VINU K,Aam Aadmi Party,142,4
2026,Assembly,KL,NEMOM,135,3,ADV K S SABARINADHAN,Indian National Congress,29158,572
2026,Assembly,KL,NEMOM,135,4,V SIVANKUTTY,Communist Party of India (Marxist),51369,845
2026,Assembly,KL,NEMOM,135,5,KARAMANA PRASAD,Socialist Unity Centre Of India (COMMUNIST),161,2
2026,Assembly,KL,NEMOM,135,6,SUBI S M,The Future India Party,53,0
2026,Assembly,KL,NEMOM,135,7,MADANAN S,Independent,48,0
2026,Assembly,KL,NEMOM,135,8,RAJEEV KUMAR G S,Independent,83,1
2026,Assembly,KL,NEMOM,135,9,SASIKALA,Independent,57,0
2026,Assembly,KL,NEMOM,135,10,KAMALESWARAM HARI,Independent,63,1
2026,Assembly,KL,NEMOM,135,11,NOTA,None of the Above,596,8
2026,Assembly,KL,ARUVIKKARA,136,1,VIVEK GOPAN,Bharatiya Janata Party,23303,457
2026,Assembly,KL,ARUVIKKARA,136,2,V. S. SIVAKUMAR,Indian National Congress,57604,1460
2026,Assembly,KL,ARUVIKKARA,136,3,SANTHOSH KUMAR. S,Bahujan Samaj Party,679,8
2026,Assembly,KL,ARUVIKKARA,136,4,ADV. G. STEEPHEN,Communist Party of India (Marxist),60418,1489
2026,Assembly,KL,ARUVIKKARA,136,5,V. S. SIVAKUMAR S/O SIVADASAN,Independent,298,5
2026,Assembly,KL,ARUVIKKARA,136,6,ADV. S. SIVAKUMAR S/O SADASIVAN,Independent,116,2
2026,Assembly,KL,ARUVIKKARA,136,7,R. STEEPHEN S/O RAFI,Independent,258,6
2026,Assembly,KL,ARUVIKKARA,136,8,NOTA,None of the Above,749,26
2026,Assembly,KL,PARASSALA,137,1,ADV. GIREESH NEYYAR,Bharatiya Janata Party,29401,518
2026,Assembly,KL,PARASSALA,137,2,ADV. DHANUVACHAPURAM THANKACHAN,Bahujan Samaj Party,328,12
2026,Assembly,KL,PARASSALA,137,3,DEEPUMON PARASSALA,Aam Aadmi Party,292,6
2026,Assembly,KL,PARASSALA,137,4,NEYYATTINKARA SANAL,Indian National Congress,52912,1224
2026,Assembly,KL,PARASSALA,137,5,C K HAREENDRAN,Communist Party of India (Marxist),67732,1417
2026,Assembly,KL,PARASSALA,137,6,SHAJU PALIYODU,Independent,311,7
2026,Assembly,KL,PARASSALA,137,7,SIMIYON L P,Independent,66,2
2026,Assembly,KL,PARASSALA,137,8,S ROBINSON E NADAR,Independent,143,5
2026,Assembly,KL,PARASSALA,137,9,NOTA,None of the Above,619,13
2026,Assembly,KL,KATTAKKADA,138,1,P. K. KRISHNADAS,Bharatiya Janata Party,37433,798
2026,Assembly,KL,KATTAKKADA,138,2,NOBIL M. D,Bahujan Samaj Party,424,9
2026,Assembly,KL,KATTAKKADA,138,3,M. R. BAIJU,Indian National Congress,55522,1324
2026,Assembly,KL,KATTAKKADA,138,4,ADV. I. B. SATHEESH,Communist Party of India (Marxist),48570,1140
2026,Assembly,KL,KATTAKKADA,138,5,ADV. JAYAKUMAR THEERTHAM,Communist Party of India (Marxist-Leninist) (Liberation),253,9
2026,Assembly,KL,KATTAKKADA,138,6,NOTA,None of the Above,740,22
2026,Assembly,KL,KOVALAM,139,1,MANOJ.S.P,Aam Aadmi Party,652,25
2026,Assembly,KL,KOVALAM,139,2,ADV. M.VINCENT,Indian National Congress,77750,1911
2026,Assembly,KL,KOVALAM,139,3,KOVALAM.T.N.SURESH,Bharatiya Janata Party,24889,491
2026,Assembly,KL,KOVALAM,139,4,KATTACHALKUZHI.M.SUGATHAN,Socialist Republican Party,455,14
2026,Assembly,KL,KOVALAM,139,5,VENGANOOR ASOKAN,Independent,160,9
2026,Assembly,KL,KOVALAM,139,6,KIRAN S PILLAI,Independent,117,5
2026,Assembly,KL,KOVALAM,139,7,N.JAYARAJAN,Independent,450,9
2026,Assembly,KL,KOVALAM,139,8,BHAGATH RUFUS,Independent,46045,907
2026,Assembly,KL,KOVALAM,139,9,ADV.SABU.S.PHILIP,Independent,369,3
2026,Assembly,KL,KOVALAM,139,10,NOTA,None of the Above,954,22
2026,Assembly,KL,NEYYATTINKARA,140,1,K. ANSALAN,Communist Party of India (Marxist),50412,1382
2026,Assembly,KL,NEYYATTINKARA,140,2,CHENKAL RAJASEKHARAN,Bharatiya Janata Party,21304,554
2026,Assembly,KL,NEYYATTINKARA,140,3,N. SHAKTHAN,Indian National Congress,56888,1872
2026,Assembly,KL,NEYYATTINKARA,140,4,SURENDRANATHAN. K,Bahujan Samaj Party,321,6
2026,Assembly,KL,NEYYATTINKARA,140,5,BIBIN S.B,Independent,153,4
2026,Assembly,KL,NEYYATTINKARA,140,6,NOTA,None of the Above,701,19
